Event ID,Event Name,Date,City,State,Finishers,Males,Females,Male Win,Female Win,Average Time,Time STD,Elev Gain,Elev Loss,Elev Max,Elev Min,STATION,DATE,LATITUDE,LONGITUDE,ELEVATION,TEMP,MAX,MIN,PRCP,DEWP,WDSP,SLP,STP,VISIB,RELHUM
41191027,Marine Corps Marathon,2019-10-27,Washington,DC,18512,10012,8500,2:27:43,2:44:47,5:06:45,0:53:38,630,593,232,2,72405013743,2019-10-27,38.8472,-77.03454,3.0,68.1,80.1,57.9,0.42,61.6,8.3,1013.7,10.6,8.2,79.72550095658508
41181028,Marine Corps Marathon,2018-10-28,Washington,DC,20699,11042,9657,2:22:50,2:40:20,4:55:29,0:53:18,630,593,232,2,72405013743,2018-10-28,38.8472,-77.03454,3.0,54.0,62.1,48.9,0.23,44.4,5.9,1008.9,6.5,10.0,69.90041597036718
41171022,Marine Corps Marathon,2017-10-22,Washington,DC,20122,10809,9313,2:25:14,2:45:07,5:03:14,0:55:14,630,593,232,2,72405013743,2017-10-22,38.8472,-77.03454,3.0,64.5,78.1,52.0,0.0,52.3,3.1,1027.9,25.6,10.0,64.5817637381319
41161030,Marine Corps Marathon,2016-10-30,Washington,DC,19724,10635,9089,2:23:53,2:51:48,5:03:33,0:57:25,630,593,232,2,72405013743,2016-10-30,38.8472,-77.03454,3.0,65.9,80.1,44.1,0.0,58.2,8.1,1014.7,12.4,10.0,76.21277492482048
41151025,Marine Corps Marathon,2015-10-25,Washington,DC,23197,12769,10428,2:24:25,2:45:56,4:54:41,0:53:45,630,593,232,2,72405013743,2015-10-25,38.8472,-77.03454,3.0,60.7,71.1,46.9,0.01,52.1,7.9,1020.6,18.3,10.0,73.28125970306249
41141026,Marine Corps Marathon,2014-10-26,Washington,DC,19661,11083,8578,2:22:12,2:51:47,4:52:16,0:53:03,630,593,232,2,72405013743,2014-10-26,38.8472,-77.03454,3.0,64.2,73.9,48.9,0.0,36.2,9.2,1007.8,5.5,10.0,35.31926855233015
41131027,Marine Corps Marathon,2013-10-27,Washington,DC,23513,13533,9980,2:21:31,2:42:15,4:44:15,0:51:42,630,593,232,2,72405013743,2013-10-27,38.8472,-77.03454,3.0,53.6,63.0,35.1,0.0,32.9,6.6,1016.9,14.5,10.0,45.24415658772722
41121028,Marine Corps Marathon,2012-10-28,Washington,DC,23519,13524,9995,2:20:20,2:42:03,4:46:05,0:49:43,630,593,232,2,72405013743,2012-10-28,38.8472,-77.03454,3.0,60.3,70.0,54.0,0.0,48.4,13.5,1008.4,6.2,9.5,64.78929276738481
41111030,Marine Corps Marathon,2011-10-30,Washington,DC,20895,12365,8530,2:19:16,2:45:28,4:43:23,0:50:40,630,593,232,2,72405013743,2011-10-30,38.8472,-77.03454,3.0,42.1,55.0,34.0,0.78,30.5,8.2,1023.0,20.7,10.0,63.23136880545864
41101031,Marine Corps Marathon,2010-10-31,Washington,DC,21874,13207,8667,2:23:30,2:39:19,4:44:50,0:51:18,630,593,232,2,72405013743,2010-10-31,38.8472,-77.03454,3.0,55.7,66.9,39.9,0.0,38.4,8.7,1012.3,9.7,10.0,52.119261149582776
41091025,Marine Corps Marathon,2009-10-25,Washington,DC,20882,12606,8276,2:21:47,2:49:48,4:41:28,0:50:20,630,593,232,2,72405013743,2009-10-25,38.8472,-77.03454,3.0,58.0,72.0,48.9,0.9,40.9,8.9,1017.3,14.0,10.0,52.87093997388755
41081026,Marine Corps Marathon,2008-10-26,Washington,DC,18219,11083,7136,2:22:44,2:48:55,4:40:44,0:49:15,630,593,232,2,72405013743,2008-10-26,38.8472,-77.03454,3.0,53.9,68.0,45.0,0.8,46.2,4.6,1013.6,11.3,9.3,75.11555407567812
41071028,Marine Corps Marathon,2007-10-28,Washington,DC,20622,12571,8051,2:22:20,2:51:14,4:41:12,0:51:00,630,593,232,2,72405013743,2007-10-28,38.8472,-77.03454,3.0,57.1,73.0,52.0,0.12,37.8,9.8,1027.3,24.9,10.0,48.39614522936255
41061029,Marine Corps Marathon,2006-10-29,Washington,DC,20879,12782,8097,2:21:21,3:00:23,4:43:42,0:49:36,630,593,232,2,72405013743,2006-10-29,38.8472,-77.03454,3.0,49.9,64.0,39.9,0.01,26.9,10.5,1007.2,4.9,10.0,40.62824846467225
41051030,Marine Corps Marathon,2005-10-30,Washington,DC,19110,11293,7817,2:22:18,2:47:10,4:50:24,0:52:51,630,593,232,2,72405013743,2005-10-30,38.8472,-77.03454,3.0,53.0,66.9,39.9,0.0,33.2,6.2,1026.3,23.9,10.0,46.80933628437899
41041031,Marine Corps Marathon,2004-10-31,Washington,DC,16379,9686,6693,2:25:35,2:48:31,4:57:19,0:51:12,630,593,232,2,72405013743,2004-10-31,38.8472,-77.03454,3.0,68.4,78.8,60.8,0.01,54.2,8.9,1009.5,999.9,6.6,60.4930419734596
41031026,Marine Corps Marathon,2003-10-26,Washington,DC,15957,9752,6205,2:25:07,2:37:59,4:48:53,0:48:32,630,593,232,2,72405013743,2003-10-26,38.8472,-77.03454,3.0,63.6,71.1,59.0,0.0,57.6,9.5,1023.0,20.6,8.6,80.81708009935731
41021027,Marine Corps Marathon,2002-10-27,Washington,DC,14086,8649,5437,2:25:01,2:57:27,4:41:34,0:48:35,630,593,232,2,72405013743,2002-10-27,38.8472,-77.03454,3.0,57.6,68.0,46.9,0.32,49.4,5.4,1019.2,999.9,9.6,74.06983186670922
41011028,Marine Corps Marathon,2001-10-28,Washington,DC,14241,8485,5756,2:28:28,2:48:13,4:38:53,0:48:41,630,593,232,2,72405013743,2001-10-28,38.8472,-77.03454,3.0,45.6,53.1,39.0,0.0,25.9,11.4,1029.6,999.9,9.9,45.81152028363176
41001022,Marine Corps Marathon,2000-10-22,Washington,DC,17007,10375,6632,2:25:50,2:47:52,4:44:46,0:50:29,630,593,232,2,72405013743,2000-10-22,38.8472,-77.03454,3.0,62.4,78.1,51.1,0.0,53.2,5.3,1027.3,999.9,8.3,71.85280137497318
57211002,St. George Marathon,2021-10-02,St. George,UT,3212,1796,1416,2:15:06,2:32:45,4:22:09,0:54:08,500,3057,5244,2685,72475423186,2021-10-02,37.1,-113.6,894.9,69.3,86.0,54.0,0.0,28.8,1.8,1017.7,916.5,10.0,21.990415431909955
57191005,St. George Marathon,2019-10-05,St. George,UT,3966,2174,1792,2:18:07,2:34:19,4:23:46,0:56:37,500,3057,5244,2685,72475423186,2019-10-05,37.1,-113.6,894.9,65.9,82.0,50.0,0.0,15.9,4.9,1017.8,916.5,10.0,14.356390989866464
57181006,St. George Marathon,2018-10-06,St. George,UT,3999,2195,1804,2:16:18,2:38:04,4:21:54,0:53:38,500,3057,5244,2685,72475423186,2018-10-06,37.1,-113.6,894.9,61.9,73.0,53.6,0.0,46.0,5.6,1008.9,908.2,9.8,55.933360889421934
57171007,St. George Marathon,2017-10-07,St. George,UT,4720,2504,2216,2:14:45,2:41:16,4:22:43,0:54:45,500,3057,5244,2685,72475423186,2017-10-07,37.1,-113.6,894.9,64.7,82.9,48.9,0.0,22.3,4.6,1014.9,913.6,10.0,19.682123392443454
57161001,St. George Marathon,2016-10-01,St. George,UT,5417,2886,2531,2:16:09,2:40:45,4:28:51,0:55:18,500,3057,5244,2685,72475423186,2016-10-01,37.1,-113.6,894.9,75.0,89.6,62.6,0.0,48.6,5.1,9999.9,914.1,10.0,39.33643318353274
57151003,St. George Marathon,2015-10-03,St. George,UT,5462,2920,2542,2:19:30,2:43:14,4:22:11,0:53:19,500,3057,5244,2685,72475423186,2015-10-03,37.1,-113.6,894.9,71.3,82.4,57.2,0.0,35.4,4.9,9999.9,904.6,10.0,26.796651126506188
57141004,St. George Marathon,2014-10-04,St. George,UT,5799,3074,2725,2:19:06,2:43:28,4:21:33,0:53:28,500,3057,5244,2685,72475423186,2014-10-04,37.1,-113.6,894.9,69.7,87.8,55.4,0.0,33.3,2.9,9999.9,918.8,9.8,26.02422208538992
57131005,St. George Marathon,2013-10-05,St. George,UT,5819,3163,2656,2:15:56,2:37:08,4:16:26,0:52:40,500,3057,5244,2685,72475423186,2013-10-05,37.1,-113.6,894.9,56.4,73.4,46.4,0.0,20.4,10.7,9999.9,923.5,10.0,24.38563519594529
57121006,St. George Marathon,2012-10-06,St. George,UT,5696,3106,2590,2:21:14,2:43:00,4:19:30,0:51:04,500,3057,5244,2685,72475423186,2012-10-06,37.1,-113.6,894.9,72.0,84.2,59.0,0.0,28.0,2.2,9999.9,912.8,10.0,19.414176584000383
57111001,St. George Marathon,2011-10-01,St. George,UT,5700,3157,2543,2:24:43,2:44:00,4:25:14,0:51:37,500,3057,5244,2685,72092299999,2011-10-01,37.0363889,-113.510305,879.0,80.0,95.0,68.0,0.0,42.5,7.4,9999.9,999.9,10.0,26.46036545679825
57101002,St. George Marathon,2010-10-02,St. George,UT,5697,3240,2457,2:22:08,2:45:15,4:24:33,0:52:56,500,3057,5244,2685,72475593129,2010-10-02,37.7086,-113.0944,1702.6,67.8,87.1,48.9,0.0,36.2,4.0,1016.8,832.6,10.0,31.173033368819475
57091003,St. George Marathon,2009-10-03,St. George,UT,5618,3145,2473,2:21:03,2:48:29,4:15:13,0:49:42,500,3057,5244,2685,72475423186,2009-10-03,37.1,-113.6,894.9,64.3,80.6,50.0,0.0,15.6,3.2,9999.9,906.4,10.0,14.982309567819376
57081004,St. George Marathon,2008-10-04,St. George,UT,5030,2850,2180,2:22:22,2:49:49,4:17:34,0:49:44,500,3057,5244,2685,72475423186,2008-10-04,37.1,-113.6,894.9,68.7,82.4,57.2,0.0,41.2,8.6,9999.9,905.2,10.0,36.74665379556633
57071006,St. George Marathon,2007-10-06,St. George,UT,5155,2926,2229,2:16:42,2:36:06,4:11:42,0:49:41,500,3057,5244,2685,72475423186,2007-10-06,37.1,-113.6,894.9,57.5,66.2,48.2,0.0,23.4,13.4,9999.9,999.9,10.0,26.601750065735825
57061007,St. George Marathon,2006-10-07,St. George,UT,4761,2731,2030,2:18:25,2:37:19,4:15:49,0:50:11,500,3057,5244,2685,72475423186,2006-10-07,37.1,-113.6,894.9,58.8,73.4,48.2,0.0,39.8,4.0,9999.9,999.9,10.0,49.2305699860358
57051001,St. George Marathon,2005-10-01,St. George,UT,4610,2663,1947,2:22:23,2:42:58,4:19:17,0:51:16,500,3057,5244,2685,72475499999,2005-10-01,37.091,-113.593,896.0,72.2,91.4,55.4,0.0,25.2,3.1,9999.9,999.9,10.0,17.177432584028633
57041002,St. George Marathon,2004-10-02,St. George,UT,4587,2722,1865,2:23:37,2:44:55,4:16:49,0:49:27,500,3057,5244,2685,72475499999,2004-10-02,37.091,-113.593,896.0,70.6,86.0,59.0,0.0,38.6,3.2,9999.9,999.9,10.0,31.127227113220624
57031004,St. George Marathon,2003-10-04,St. George,UT,4433,2640,1793,2:20:35,2:40:25,4:14:16,0:47:43,500,3057,5244,2685,72475499999,2003-10-04,37.091,-113.593,896.0,69.4,82.4,59.0,0.0,44.3,4.3,9999.9,999.9,10.0,40.40903889326827
57021005,St. George Marathon,2002-10-05,St. George,UT,4226,2506,1720,2:16:24,2:43:44,4:12:16,0:47:51,500,3057,5244,2685,72475499999,2002-10-05,37.091,-113.593,896.0,61.5,77.0,50.0,0.0,36.7,1.7,9999.9,999.9,9.9,39.610298721781966
57011006,St. George Marathon,2001-10-06,St. George,UT,4044,2527,1517,2:20:43,2:43:58,4:12:54,0:47:08,500,3057,5244,2685,72475499999,2001-10-06,37.091,-113.593,896.0,74.6,84.2,66.2,0.0,41.0,7.2,9999.9,999.9,9.9,29.85855717972809
57001007,St. George Marathon,2000-10-07,St. George,UT,4153,2513,1640,2:21:06,2:51:02,4:13:04,0:47:09,500,3057,5244,2685,72475499999,2000-10-07,37.091,-113.593,896.0,76.0,91.4,60.8,0.0,30.4,3.0,9999.9,999.9,10.0,18.723636857557413
474211128,Seattle Marathon,2021-11-28,Seattle,WA,1030,713,317,2:29:32,2:56:45,4:24:37,0:50:39,931,929,192,21,72793524234,2021-11-28,47.54554,-122.31475,7.6,57.6,61.0,46.9,0.26,52.1,11.2,1017.1,15.7,7.0,81.86160563741011
474191201,Seattle Marathon,2019-12-01,Seattle,WA,1756,1192,564,2:33:17,3:04:00,4:24:14,0:51:33,931,929,192,21,72793524234,2019-12-01,47.53028,-122.30083,6.1,39.6,48.0,24.1,0.0,26.3,2.6,1013.6,12.6,10.0,58.64678524875573
474181125,Seattle Marathon,2018-11-25,Seattle,WA,1461,968,493,2:27:21,2:54:49,4:25:41,0:55:46,931,929,192,21,72793524234,2018-11-25,47.53028,-122.30083,6.1,41.0,48.9,33.1,0.0,36.3,1.4,1021.7,20.7,9.9,83.21587824457886
474171126,Seattle Marathon,2017-11-26,Seattle,WA,1439,900,539,2:34:04,3:05:37,4:36:56,0:59:15,931,929,192,21,72793524234,2017-11-26,47.53028,-122.30083,6.1,49.8,57.0,41.0,0.23,47.2,4.8,1002.2,1.0,9.5,90.7307087973288
474161127,Seattle Marathon,2016-11-27,Seattle,WA,1596,978,618,2:33:58,2:55:10,4:28:33,0:57:17,931,929,192,21,72793524234,2016-11-27,47.53028,-122.30083,6.1,45.2,48.9,42.8,0.47,43.6,5.4,1004.6,3.4,9.3,94.0863797576348
474151129,Seattle Marathon,2015-11-29,Seattle,WA,1716,1071,645,2:38:15,2:58:39,4:28:23,0:57:06,931,929,192,21,72793524234,2015-11-29,47.53028,-122.30083,6.1,34.3,46.0,25.0,0.0,29.4,1.1,1023.6,22.6,3.6,82.07355884612257
474141130,Seattle Marathon,2014-11-30,Seattle,WA,1867,1193,674,2:34:21,2:57:30,4:32:06,0:58:13,931,929,192,21,72793524234,2014-11-30,47.53028,-122.30083,6.1,31.5,43.0,25.0,0.06,19.9,2.4,1022.4,21.4,10.0,61.80486590801385
474131201,Seattle Marathon,2013-12-01,Seattle,WA,2205,1385,820,2:32:24,2:58:25,4:29:52,0:53:53,931,929,192,21,72793524234,2013-12-01,47.53028,-122.30083,6.1,53.7,55.9,44.1,0.07,46.7,11.0,1016.2,14.7,9.4,77.10861966279036
474121125,Seattle Marathon,2012-11-25,Seattle,WA,2239,1428,811,2:28:26,2:47:04,4:23:04,0:53:04,931,929,192,21,72793524234,2012-11-25,47.53028,-122.30083,6.1,42.2,48.0,36.0,0.0,38.7,1.5,1025.6,24.7,5.4,87.30891168892396
474111127,Seattle Marathon,2011-11-27,Seattle,WA,2047,1306,741,2:29:54,3:03:39,4:24:24,0:48:14,931,929,192,21,72793524234,2011-11-27,47.53028,-122.30083,6.1,49.4,55.9,46.9,0.07,44.6,6.6,1018.5,21.3,9.4,83.46192871664134
474101128,Seattle Marathon,2010-11-28,Seattle,WA,2505,1546,959,2:30:53,3:04:16,4:21:16,0:46:37,931,929,192,21,72793524234,2010-11-28,47.53028,-122.30083,6.1,40.0,45.0,37.0,0.03,36.5,2.9,1015.8,14.5,8.5,87.19119833550599
474091129,Seattle Marathon,2009-11-29,Seattle,WA,2229,1430,799,2:32:26,2:58:58,4:20:37,0:47:53,931,929,192,21,72793524234,2009-11-29,47.53028,-122.30083,6.1,51.1,54.0,50.0,0.0,44.1,7.6,1027.7,26.8,10.0,76.8782326141645
474081130,Seattle Marathon,2008-11-30,Seattle,WA,2128,1356,772,2:33:54,3:02:04,4:21:14,0:46:56,931,929,192,21,72793524234,2008-11-30,47.53028,-122.30083,6.1,54.0,57.0,53.1,0.02,52.8,2.9,1027.0,25.8,5.0,95.70096134973618
474071125,Seattle Marathon,2007-11-25,Seattle,WA,2012,1263,749,2:27:11,2:59:19,4:23:34,0:57:09,931,929,192,21,72793524234,2007-11-25,47.53028,-122.30083,6.1,40.2,48.0,30.2,0.0,34.4,1.5,1024.1,23.3,7.4,79.60277479354161
474061126,Seattle Marathon,2006-11-26,Seattle,WA,2052,1311,741,2:27:51,3:01:36,4:22:31,0:46:21,931,929,192,21,72793524234,2006-11-26,47.53028,-122.30083,6.1,39.1,43.0,33.1,0.02,30.3,5.9,1002.3,1.3,8.8,70.45218899150541
474051127,Seattle Marathon,2005-11-27,Seattle,WA,2248,1407,841,2:24:24,3:07:44,4:21:50,0:56:29,931,929,192,21,72793524234,2005-11-27,47.53028,-122.30083,6.1,39.2,46.0,34.0,0.02,34.4,3.9,1025.6,24.6,9.5,82.76089263903742
474041128,Seattle Marathon,2004-11-28,Seattle,WA,2262,1441,821,2:29:36,2:53:11,4:43:31,2:01:19,931,929,192,21,72793524234,2004-11-28,47.53028,-122.30083,6.1,41.6,46.9,36.0,0.0,36.4,2.5,1029.9,999.9,9.8,81.6311532911577
474031130,Seattle Marathon,2003-11-30,Seattle,WA,1975,1270,705,2:32:21,2:57:23,4:18:19,0:46:05,931,929,192,21,72793024233,2003-11-30,47.4444,-122.3138,112.8,39.8,50.0,36.0,0.05,37.3,10.3,1021.4,4.8,8.7,90.68557736479008
474021201,Seattle Marathon,2002-12-01,Seattle,WA,2227,1324,903,2:26:32,2:51:15,4:33:14,1:08:46,931,929,192,21,72793024233,2002-12-01,47.4444,-122.3138,112.8,41.1,48.9,34.0,0.0,39.3,4.4,1020.8,999.9,4.0,93.25102049172196
474011125,Seattle Marathon,2001-11-25,Seattle,WA,1669,1138,531,2:24:38,2:49:25,4:15:27,0:44:04,931,929,192,21,72793024233,2001-11-25,47.4444,-122.3138,112.8,42.2,48.0,39.0,0.0,38.1,5.4,1003.9,999.9,9.8,85.28269882581917
474001126,Seattle Marathon,2000-11-26,Seattle,WA,1890,1224,666,2:27:13,2:30:36,4:15:48,0:49:07,931,929,192,21,72793024233,2000-11-26,47.4444,-122.3138,112.8,45.3,48.2,42.8,0.21,42.8,8.6,1017.2,999.9,7.3,90.90147536914192
3226190609,Rock 'n' Roll Seattle Marathon,2019-06-09,Seattle,WA,1551,948,603,2:36:12,2:59:14,4:40:32,0:48:26,1149,1155,404,17,72793524234,2019-06-09,47.53028,-122.30083,6.1,61.4,73.0,51.1,0.0,44.4,4.2,1028.8,27.8,10.0,53.57531319565395
3226180610,Rock 'n' Roll Seattle Marathon,2018-06-10,Seattle,WA,1736,1068,668,2:33:22,3:04:08,4:34:50,0:49:24,1149,1155,404,17,72793524234,2018-06-10,47.53028,-122.30083,6.1,54.3,63.0,48.9,0.17,43.4,7.0,1016.8,15.8,10.0,66.54904320352244
3226170618,Rock 'n' Roll Seattle Marathon,2017-06-18,Seattle,WA,2441,1401,1040,2:38:55,2:45:36,4:42:00,0:52:48,1149,1155,404,17,72793524234,2017-06-18,47.53028,-122.30083,6.1,60.0,69.1,52.0,0.01,57.1,4.6,1020.8,19.9,9.1,90.1360926337347
3226160618,Rock 'n' Roll Seattle Marathon,2016-06-18,Seattle,WA,2571,1488,1083,2:26:01,2:51:45,4:33:34,0:44:15,1149,1155,404,17,72793524234,2016-06-18,47.53028,-122.30083,6.1,57.6,66.9,53.1,0.37,52.2,3.2,1019.3,18.3,9.5,82.16356299029029
3226150613,Rock 'n' Roll Seattle Marathon,2015-06-13,Seattle,WA,2037,1127,910,2:26:13,2:54:53,4:38:22,0:50:16,1149,1155,404,17,72793524234,2015-06-13,47.53028,-122.30083,6.1,63.4,75.9,52.0,0.0,44.0,3.6,1019.3,18.3,10.0,49.17520346085431
3226140621,Rock 'n' Roll Seattle Marathon,2014-06-21,Seattle,WA,2210,1207,1003,2:24:51,2:51:17,4:38:36,0:50:24,1149,1155,404,17,72793524234,2014-06-21,47.53028,-122.30083,6.1,62.3,72.0,53.1,0.0,42.9,3.8,1020.1,19.1,10.0,49.007580325793136
3226130622,Rock 'n' Roll Seattle Marathon,2013-06-22,Seattle,WA,2355,1326,1029,2:29:53,2:52:40,4:39:53,0:51:24,1149,1155,404,17,72793524234,2013-06-22,47.53028,-122.30083,6.1,65.8,78.1,55.0,0.0,50.2,1.6,1018.3,17.4,10.0,57.11413147314312
3226120623,Rock 'n' Roll Seattle Marathon,2012-06-23,Seattle,WA,3089,1655,1434,2:31:47,2:41:38,4:37:30,0:49:19,1149,1155,404,17,72793524234,2012-06-23,47.53028,-122.30083,6.1,55.8,61.0,53.1,0.36,52.4,3.7,1007.5,6.4,9.0,88.32699646097765
3226110625,Rock 'n' Roll Seattle Marathon,2011-06-25,Seattle,WA,3500,1874,1626,2:24:50,2:50:17,4:35:43,0:50:06,1149,1155,404,17,72793524234,2011-06-25,47.53028,-122.30083,6.1,57.5,64.9,53.1,0.07,48.1,3.3,1017.9,16.9,10.0,70.81150286859766
3226100626,Rock 'n' Roll Seattle Marathon,2010-06-26,Seattle,WA,4080,2061,2019,2:18:19,2:43:05,4:41:30,0:52:57,1149,1155,404,17,72793524234,2010-06-26,47.53028,-122.30083,6.1,60.2,68.0,55.0,0.0,49.5,3.8,1019.7,18.8,10.0,67.7461759087294
3226090627,Rock 'n' Roll Seattle Marathon,2009-06-27,Seattle,WA,5602,2543,3059,2:18:17,2:38:37,4:45:15,0:56:42,1149,1155,404,17,72793524234,2009-06-27,47.53028,-122.30083,6.1,63.6,79.0,52.0,0.0,44.8,2.6,1023.5,22.5,10.0,50.342834772910486
521210919,San Francisco Marathon,2021-09-19,San Francisco,CA,3181,2297,884,2:20:42,2:34:25,4:37:49,0:51:10,1365,1364,306,5,72494023234,2021-09-19,37.61962,-122.36562,3.2,65.1,71.1,57.0,0.0,56.7,9.9,1018.1,17.6,10.0,74.24476425658321
521190728,San Francisco Marathon,2019-07-28,San Francisco,CA,5090,3522,1568,2:25:25,2:47:01,4:41:26,0:53:02,1365,1364,306,5,72494023234,2019-07-28,37.6197,-122.3647,2.4,67.6,79.0,55.9,0.0,53.6,10.4,1013.4,12.7,9.7,60.8323057027733
521180729,San Francisco Marathon,2018-07-29,San Francisco,CA,5242,3545,1697,2:27:56,2:54:09,4:34:19,0:50:04,1365,1364,306,5,72494023234,2018-07-29,37.6197,-122.3647,2.4,57.8,66.0,52.0,0.0,51.7,11.5,1015.3,14.6,10.0,80.08578060215446
521170723,San Francisco Marathon,2017-07-23,San Francisco,CA,6511,4172,2339,2:28:23,2:52:49,4:45:30,0:52:01,1365,1364,306,5,72494023234,2017-07-23,37.6197,-122.3647,2.4,64.4,80.1,55.0,0.0,52.6,11.6,1010.2,9.6,10.0,65.52650868938098
521160731,San Francisco Marathon,2016-07-31,San Francisco,CA,6258,4122,2136,2:30:42,2:49:51,4:41:50,0:53:04,1365,1364,306,5,72494023234,2016-07-31,37.6197,-122.3647,2.4,62.0,75.9,54.0,0.0,53.9,9.0,1011.2,10.5,10.0,74.76402233622443
521150726,San Francisco Marathon,2015-07-26,San Francisco,CA,6025,3987,2038,2:26:22,2:49:42,4:39:07,0:50:37,1365,1364,306,5,72494023234,2015-07-26,37.6197,-122.3647,2.4,63.7,73.9,59.0,0.0,55.7,9.9,1015.1,14.5,10.0,75.19503406743318
521140727,San Francisco Marathon,2014-07-27,San Francisco,CA,6625,4314,2311,2:32:17,2:47:51,4:41:53,0:51:53,1365,1364,306,5,72494023234,2014-07-27,37.6197,-122.3647,2.4,66.5,77.0,61.0,0.0,57.8,11.4,1014.2,13.5,10.0,73.58024250814344
521130616,San Francisco Marathon,2013-06-16,San Francisco,CA,5763,3867,1896,2:25:15,2:42:26,4:34:11,0:49:21,1365,1364,306,5,72494023234,2013-06-16,37.6197,-122.3647,2.4,56.8,68.0,51.1,0.0,47.5,12.0,1017.3,16.6,10.0,71.00307367567622
521120729,San Francisco Marathon,2012-07-29,San Francisco,CA,6440,4306,2134,2:26:44,2:44:02,4:32:45,0:48:47,1365,1364,306,5,72494023234,2012-07-29,37.6197,-122.3647,2.4,59.4,70.0,54.0,0.0,51.0,10.7,1017.0,16.6,9.8,73.69621814108541
521110731,San Francisco Marathon,2011-07-31,San Francisco,CA,5999,3998,2001,2:27:06,2:50:24,4:30:37,1:07:24,1365,1364,306,5,72494023234,2011-07-31,37.6197,-122.3647,2.4,62.8,73.0,57.9,0.0,53.2,7.5,1014.1,13.4,10.0,70.84840620909559
521100725,San Francisco Marathon,2010-07-25,San Francisco,CA,5942,3891,2051,2:23:29,2:51:55,4:31:30,0:47:28,1365,1364,306,5,72494023234,2010-07-25,37.6197,-122.3647,2.4,59.6,68.0,55.0,0.0,50.6,13.1,1013.0,12.4,10.0,72.09639829296042
521090726,San Francisco Marathon,2009-07-26,San Francisco,CA,5036,3326,1710,2:26:32,2:46:34,4:31:48,0:47:39,1365,1364,306,5,72494023234,2009-07-26,37.6197,-122.3647,2.4,58.2,72.0,53.1,0.0,52.0,11.1,1015.8,15.4,9.9,79.82209949135098
521080803,San Francisco Marathon,2008-08-03,San Francisco,CA,4354,2874,1480,2:31:52,2:52:33,4:33:06,0:49:08,1365,1364,306,5,72494023234,2008-08-03,37.6197,-122.3647,2.4,58.9,77.0,55.0,0.0,50.7,15.4,1012.6,12.0,10.0,74.19536088336032
521070729,San Francisco Marathon,2007-07-29,San Francisco,CA,4250,2805,1445,2:25:57,2:43:41,4:31:30,0:47:01,1365,1364,306,5,72494023234,2007-07-29,37.6197,-122.3647,2.4,60.6,70.0,55.0,0.0,52.6,11.5,1013.1,12.6,10.0,74.90696324904637
521060730,San Francisco Marathon,2006-07-30,San Francisco,CA,4021,2693,1328,2:26:46,2:54:55,4:34:31,0:48:56,1365,1364,306,5,72494023234,2006-07-30,37.6197,-122.3647,2.4,64.6,75.9,57.9,0.0,55.2,7.7,1014.5,14.0,10.0,71.55552957340139
521050731,San Francisco Marathon,2005-07-31,San Francisco,CA,4873,3125,1748,2:31:57,2:56:55,4:35:51,0:51:55,1365,1364,306,5,72494023234,2005-07-31,37.6197,-122.3647,2.4,61.7,71.1,55.0,0.0,53.9,11.5,1015.6,15.1,9.6,75.56011366594909
521040801,San Francisco Marathon,2004-08-01,San Francisco,CA,2665,1755,910,2:33:41,2:50:21,4:32:22,0:50:49,1365,1364,306,5,72494023234,2004-08-01,37.6197,-122.3647,2.4,61.9,68.0,57.9,0.0,55.8,10.2,1013.7,999.9,9.7,80.39910108193854
521030727,San Francisco Marathon,2003-07-27,San Francisco,CA,1891,1267,624,2:35:08,3:01:56,4:23:57,0:47:45,1365,1364,306,5,72494023234,2003-07-27,37.6197,-122.3647,2.4,61.0,71.1,55.0,0.0,55.1,11.8,1016.2,15.7,9.9,80.91729340658773
521020728,San Francisco Marathon,2002-07-28,San Francisco,CA,1920,1311,609,2:31:46,2:50:11,4:21:42,0:44:25,1365,1364,306,5,72494023234,2002-07-28,37.6197,-122.3647,2.4,66.3,75.0,55.9,0.0,56.1,5.1,1014.9,999.9,9.9,69.68626822401865
521010708,San Francisco Marathon,2001-07-08,San Francisco,CA,2249,1474,775,2:30:53,3:12:10,4:23:40,0:42:39,1365,1364,306,5,72494023234,2001-07-08,37.6197,-122.3647,2.4,60.0,70.0,53.1,0.0,54.7,10.2,1017.4,999.9,9.0,82.63112133739212
521000709,San Francisco Marathon,2000-07-09,San Francisco,CA,2345,1502,843,2:32:49,3:08:15,4:23:14,0:40:57,1365,1364,306,5,72494023234,2000-07-09,37.6197,-122.3647,2.4,60.1,70.0,53.6,0.0,52.7,9.1,1014.7,999.9,9.5,76.53035654137034
27211024,Rock 'n' Roll San Diego Marathon,2021-10-24,San Diego,CA,2558,1678,880,2:41:45,2:50:30,4:50:04,0:58:11,798,1031,403,8,72290023188,2021-10-24,32.7336,-117.1831,4.6,66.0,71.1,61.0,0.0,54.3,5.0,1013.3,12.3,10.0,65.95706287313273
27190602,Rock 'n' Roll San Diego Marathon,2019-06-02,San Diego,CA,3574,2215,1359,2:25:50,2:57:49,4:47:26,0:57:20,798,1031,403,8,72290023188,2019-06-02,32.7336,-117.1831,4.6,63.2,68.0,61.0,0.0,52.1,6.2,1012.9,11.9,10.0,67.09284214107142
27180603,Rock 'n' Roll San Diego Marathon,2018-06-03,San Diego,CA,4017,2420,1597,2:33:25,2:55:22,5:06:48,1:03:18,798,1031,403,8,72290023188,2018-06-03,32.7336,-117.1831,4.6,67.0,73.0,60.1,0.0,57.9,5.0,1013.6,12.7,10.0,72.57930792480703
27170604,Rock 'n' Roll San Diego Marathon,2017-06-04,San Diego,CA,5321,3015,2306,2:21:17,2:48:47,4:57:36,1:00:01,798,1031,403,8,72290023188,2017-06-04,32.7336,-117.1831,4.6,63.4,66.9,62.1,0.0,58.9,4.3,1012.8,11.9,9.1,85.26917584698054
27160605,Rock 'n' Roll San Diego Marathon,2016-06-05,San Diego,CA,5793,3195,2598,2:26:39,2:56:16,4:54:30,0:57:40,798,1031,403,8,72290023188,2016-06-05,32.7336,-117.1831,4.6,66.2,73.9,62.1,0.0,58.6,5.5,1013.1,12.2,8.8,76.51282575318538
27150531,Rock 'n' Roll San Diego Marathon,2015-05-31,San Diego,CA,4218,2426,1792,2:37:02,2:41:39,4:45:24,0:54:51,798,1031,403,8,72290023188,2015-05-31,32.7336,-117.1831,4.6,64.5,71.1,62.1,0.0,55.9,4.5,1014.1,13.1,9.9,73.65250228945203
27140601,Rock 'n' Roll San Diego Marathon,2014-06-01,San Diego,CA,5285,3061,2224,2:23:50,2:44:27,4:48:19,0:53:12,798,1031,403,8,72290023188,2014-06-01,32.7336,-117.1831,4.6,68.0,73.0,62.6,0.0,57.8,4.3,1012.1,11.1,8.4,69.86889911413397
27130602,Rock 'n' Roll San Diego Marathon,2013-06-02,San Diego,CA,6542,3762,2780,2:15:00,2:35:05,4:40:47,0:53:56,798,1031,403,8,72290023188,2013-06-02,32.7336,-117.1831,4.6,63.8,69.1,62.1,0.0,56.8,6.0,1010.1,9.2,8.0,77.97337516790085
27120603,Rock 'n' Roll San Diego Marathon,2012-06-03,San Diego,CA,7086,3711,3375,2:10:03,2:27:44,4:44:54,0:56:07,798,1031,403,8,72290023188,2012-06-03,32.7336,-117.1831,4.6,62.3,66.0,59.0,0.0,55.3,5.3,1012.7,11.7,9.6,77.8479090852778
27110605,Rock 'n' Roll San Diego Marathon,2011-06-05,San Diego,CA,8267,4255,4012,2:11:18,2:23:31,4:51:13,0:59:22,798,1031,403,8,72290023188,2011-06-05,32.7336,-117.1831,4.6,64.4,72.0,59.0,0.0,50.2,4.4,1017.7,16.7,10.0,59.96730559829706
27100606,Rock 'n' Roll San Diego Marathon,2010-06-06,San Diego,CA,10625,5120,5505,2:09:56,2:27:38,4:57:30,0:57:51,798,1031,403,8,72290023188,2010-06-06,32.7336,-117.1831,4.6,64.7,70.0,61.0,0.0,58.0,4.7,1015.2,14.2,8.8,78.8937212084751
27090531,Rock 'n' Roll San Diego Marathon,2009-05-31,San Diego,CA,13291,6828,6463,2:11:16,2:27:37,4:52:23,0:59:14,798,1031,403,8,72290023188,2009-05-31,32.7336,-117.1831,4.6,62.1,68.0,59.0,0.04,57.2,6.4,1015.5,14.7,9.2,83.97558923598982
27080601,Rock 'n' Roll San Diego Marathon,2008-06-01,San Diego,CA,16373,7948,8425,2:10:07,2:28:23,5:01:08,1:01:01,798,1031,403,8,72290023188,2008-06-01,32.7336,-117.1831,4.6,63.3,66.9,60.8,0.0,52.1,5.2,1016.7,15.7,10.0,66.85779063181513
27070603,Rock 'n' Roll San Diego Marathon,2007-06-03,San Diego,CA,15958,7729,8229,2:09:04,2:32:40,4:59:11,1:02:40,798,1031,403,8,72290023188,2007-06-03,32.7336,-117.1831,4.6,62.2,68.0,60.1,0.0,52.1,5.1,1015.3,14.3,9.8,69.4950266417083
27060604,Rock 'n' Roll San Diego Marathon,2006-06-04,San Diego,CA,15771,7357,8414,2:10:08,2:28:21,5:01:04,1:03:18,798,1031,403,8,72290023188,2006-06-04,32.7336,-117.1831,4.6,68.7,81.0,62.6,0.0,60.4,5.0,1010.1,9.4,4.4,74.84848498472995
27050605,Rock 'n' Roll San Diego Marathon,2005-06-05,San Diego,CA,15934,7467,8467,2:09:17,2:30:55,5:00:33,1:04:12,798,1031,403,8,72290023188,2005-06-05,32.7336,-117.1831,4.6,64.6,68.0,61.0,0.0,54.5,7.2,1011.6,10.6,9.9,69.75592083253446
27040606,Rock 'n' Roll San Diego Marathon,2004-06-06,San Diego,CA,16369,7312,9057,2:11:04,2:29:36,5:01:31,1:02:50,798,1031,403,8,72290023188,2004-06-06,32.7336,-117.1831,4.6,65.7,75.0,60.1,0.0,56.3,9.2,1009.9,999.9,6.1,71.66844818143731
27030601,Rock 'n' Roll San Diego Marathon,2003-06-01,San Diego,CA,16185,7423,8762,2:09:38,2:29:52,4:57:20,1:05:02,798,1031,403,8,72290023188,2003-06-01,32.7336,-117.1831,4.6,62.3,66.9,60.1,0.0,56.7,4.8,1013.8,12.6,7.2,81.89570153607438
27020602,Rock 'n' Roll San Diego Marathon,2002-06-02,San Diego,CA,15427,7106,8321,2:09:02,2:29:57,4:57:47,1:04:02,798,1031,403,8,72290023188,2002-06-02,32.7336,-117.1831,4.6,62.9,69.1,61.0,0.0,53.6,5.4,1012.9,999.9,9.9,71.64147767565558
27010603,Rock 'n' Roll San Diego Marathon,2001-06-03,San Diego,CA,14932,6718,8214,2:10:07,2:25:05,4:55:57,1:03:03,798,1031,403,8,72290023188,2001-06-03,32.7336,-117.1831,4.6,63.2,64.9,62.1,0.0,56.4,6.5,1011.9,999.9,10.0,78.4888887249054
27000604,Rock 'n' Roll San Diego Marathon,2000-06-04,San Diego,CA,15160,6814,8346,2:12:45,2:27:05,4:59:42,1:01:20,798,1031,403,8,72290023188,2000-06-04,32.7336,-117.1831,4.6,67.3,73.0,62.1,0.0,59.7,7.4,1016.7,999.9,7.2,76.60886944503656
687191208,California International Marathon,2019-12-08,Sacramento,CA,7504,4228,3276,2:13:36,2:29:31,4:05:18,0:59:14,663,1003,359,19,72483993225,2019-12-08,38.69556,-121.58972,7.0,56.4,66.9,52.0,0.38,52.8,9.0,1014.5,13.4,9.7,87.70945088040864
687181202,California International Marathon,2018-12-02,Sacramento,CA,7830,4186,3644,2:12:39,2:28:19,3:54:57,0:46:13,663,1003,359,19,72483993225,2018-12-02,38.69556,-121.58972,7.0,44.7,59.0,33.1,0.1,39.8,3.5,1017.7,16.6,9.3,82.82147927630783
687171203,California International Marathon,2017-12-03,Sacramento,CA,6543,3469,3074,2:11:56,2:28:10,4:16:23,0:52:57,663,1003,359,19,72483993225,2017-12-03,38.69556,-121.58972,7.0,52.3,57.9,36.0,0.01,42.4,6.4,1018.4,17.3,9.3,68.91365919555327
687161204,California International Marathon,2016-12-04,Sacramento,CA,6174,3336,2838,2:11:41,2:31:20,4:17:11,0:54:45,663,1003,359,19,72483993225,2016-12-04,38.69556,-121.58972,7.0,44.1,57.0,32.0,0.0,39.6,1.8,1021.8,20.8,6.6,84.07967689115057
687151206,California International Marathon,2015-12-06,Sacramento,CA,5629,3017,2612,2:12:11,2:31:50,4:16:44,0:54:41,663,1003,359,19,72483993225,2015-12-06,38.69556,-121.58972,7.0,51.4,62.6,44.1,0.0,44.8,3.7,1024.4,23.5,9.5,78.08486961369803
687141207,California International Marathon,2014-12-07,Sacramento,CA,5777,3212,2565,2:11:56,2:27:33,4:15:15,0:53:27,663,1003,359,19,72483993225,2014-12-07,38.69556,-121.58972,7.0,54.8,66.0,50.0,0.15,52.1,3.1,1022.7,21.7,5.7,90.5880129976492
687131208,California International Marathon,2013-12-08,Sacramento,CA,6206,3420,2786,2:14:31,2:30:38,4:16:28,0:52:57,663,1003,359,19,72483993225,2013-12-08,38.69556,-121.58972,7.0,32.2,46.0,25.0,0.0,23.8,5.5,1024.9,23.8,9.8,70.8412572374088
687121202,California International Marathon,2012-12-02,Sacramento,CA,6186,3350,2836,2:16:29,2:34:57,4:24:11,0:52:45,663,1003,359,19,72483993225,2012-12-02,38.69556,-121.58972,7.0,60.2,63.0,55.4,0.76,56.1,15.4,1011.5,9.5,7.6,86.32278278590387
687111204,California International Marathon,2011-12-04,Sacramento,CA,5755,3271,2484,2:11:50,2:33:40,4:13:41,0:50:51,663,1003,359,19,72483993225,2011-12-04,38.69556,-121.58972,7.0,47.2,60.1,34.0,0.0,25.0,6.2,1023.8,22.7,10.0,41.54374369478357
687101205,California International Marathon,2010-12-05,Sacramento,CA,5879,3330,2549,2:12:39,2:32:13,4:17:30,0:49:23,663,1003,359,19,72483993225,2010-12-05,38.69556,-121.58972,7.0,52.0,57.0,45.0,0.25,51.1,3.4,1016.4,15.3,2.3,96.73221374160944
687091206,California International Marathon,2009-12-06,Sacramento,CA,5844,3461,2383,2:13:42,2:32:17,4:06:55,0:45:29,663,1003,359,19,72483993225,2009-12-06,38.69556,-121.58972,7.0,40.5,53.1,27.0,0.0,24.3,10.4,1009.8,8.7,10.0,52.11582937604104
687081207,California International Marathon,2008-12-07,Sacramento,CA,5198,3015,2183,2:16:41,2:32:00,4:05:15,0:44:37,663,1003,359,19,72483993225,2008-12-07,38.69556,-121.58972,7.0,43.4,46.0,41.0,0.01,41.3,2.0,1022.4,21.2,1.5,92.24332401849485
687071202,California International Marathon,2007-12-02,Sacramento,CA,4743,2831,1912,2:14:30,2:39:19,4:08:58,0:46:45,663,1003,359,19,72483993225,2007-12-02,38.69556,-121.58972,7.0,47.6,61.0,37.9,0.0,30.6,11.4,1022.3,21.3,10.0,51.507545180134265
687061203,California International Marathon,2006-12-03,Sacramento,CA,3789,2328,1461,2:14:58,2:34:23,4:07:08,0:47:10,663,1003,359,19,72483993225,2006-12-03,38.69556,-121.58972,7.0,43.7,63.0,28.9,0.0,32.4,2.6,1027.5,26.4,9.0,64.21109706796894
687051204,California International Marathon,2005-12-04,Sacramento,CA,3249,2036,1213,2:18:30,2:37:38,4:09:25,0:47:21,663,1003,359,19,72483993225,2005-12-04,38.69556,-121.58972,7.0,44.1,55.0,32.0,0.0,30.9,8.4,1028.3,27.3,10.0,59.52363775469873
687041205,California International Marathon,2004-12-05,Sacramento,CA,2963,1811,1152,2:13:22,2:37:22,4:08:58,0:47:09,663,1003,359,19,72483993225,2004-12-05,38.69556,-121.58972,7.0,41.6,57.2,33.8,0.0,34.3,6.5,1007.9,999.9,5.4,75.10492256874369
687031207,California International Marathon,2003-12-07,Sacramento,CA,2930,1814,1116,2:16:21,2:33:31,4:12:28,0:45:53,663,1003,359,19,72483999999,2003-12-07,38.683,-121.583,8.0,56.2,62.1,50.0,0.32,49.5,9.7,1013.3,999.9,9.0,78.19661235614393
687021208,California International Marathon,2002-12-08,Sacramento,CA,2611,1624,987,2:11:56,2:33:13,4:04:23,0:44:06,663,1003,359,19,72483999999,2002-12-08,38.683,-121.583,8.0,46.6,63.0,34.0,0.0,40.5,2.9,1022.5,999.9,5.6,79.19247766939762
687011202,California International Marathon,2001-12-02,Sacramento,CA,2727,1602,1125,2:22:12,2:36:36,4:17:25,0:45:30,663,1003,359,19,72483999999,2001-12-02,38.683,-121.583,8.0,52.3,57.2,48.2,0.44,45.9,21.5,1009.3,999.9,7.8,78.75545392607593
687001203,California International Marathon,2000-12-03,Sacramento,CA,2706,1594,1112,2:15:38,2:38:16,4:07:56,0:44:57,663,1003,359,19,72483999999,2000-12-03,38.683,-121.583,8.0,44.1,59.0,33.1,0.03,42.6,4.8,1019.9,999.9,2.0,94.4202366778422
7322211003,Portland Marathon,2021-10-03,Portland,OR,1355,842,513,2:28:47,2:53:37,4:22:04,0:51:57,873,873,178,30,72698024229,2021-10-03,45.59578,-122.60919,6.7,58.4,72.0,46.9,0.0,47.1,4.1,1020.7,17.0,10.0,66.03252031769699
7322191006,Portland Marathon,2019-10-06,Portland,OR,1822,1082,740,2:25:15,2:48:00,4:24:54,0:51:10,873,873,178,30,72698024229,2019-10-06,45.5958,-122.6093,5.8,54.8,71.1,43.0,0.0,46.1,2.7,1026.2,23.0,8.5,72.4159806678981
6618181007,Portland Marathon,2018-10-07,Portland,OR,748,445,303,2:25:02,3:21:40,4:31:59,0:56:28,873,873,178,30,72698024229,2018-10-07,45.5958,-122.6093,5.8,51.7,63.0,45.0,0.01,46.2,2.5,1023.1,19.3,8.7,81.43450741478844
38171008,Portland Marathon,2017-10-08,Portland,OR,2912,1464,1448,2:23:41,2:50:25,4:44:45,1:00:37,873,873,178,30,72698024229,2017-10-08,45.5958,-122.6093,5.8,55.2,64.9,46.9,0.02,46.1,4.3,1021.1,17.4,10.0,71.37026719279848
38161009,Portland Marathon,2016-10-09,Portland,OR,4421,2158,2263,2:36:25,2:38:45,4:49:48,1:02:06,873,873,178,30,72698024229,2016-10-09,45.5958,-122.6093,5.8,60.7,70.0,54.0,0.25,56.0,6.4,1014.1,10.7,7.9,84.49686964375115
38151004,Portland Marathon,2015-10-04,Portland,OR,5550,2709,2841,2:28:29,2:51:23,4:43:34,0:58:47,873,873,178,30,72698024229,2015-10-04,45.5958,-122.6093,5.8,62.8,81.0,46.0,0.0,48.6,5.2,1012.8,9.1,10.0,59.7544812660358
38141005,Portland Marathon,2014-10-05,Portland,OR,6258,3050,3208,2:23:57,2:53:30,4:47:36,0:59:28,873,873,178,30,72698024229,2014-10-05,45.5958,-122.6093,5.8,66.6,84.9,48.9,0.0,55.3,2.2,1018.9,15.3,10.0,66.9947286584452
38131006,Portland Marathon,2013-10-06,Portland,OR,6951,3321,3630,2:20:54,2:42:15,4:46:40,1:06:16,873,873,178,30,72698024229,2013-10-06,45.5958,-122.6093,5.8,56.8,73.9,41.0,0.0,46.5,2.1,1019.0,15.4,8.6,68.37872675710953
38121007,Portland Marathon,2012-10-07,Portland,OR,6518,3158,3360,2:21:09,2:51:35,4:43:58,1:01:12,873,873,178,30,72698024229,2012-10-07,45.5958,-122.6093,5.8,59.4,79.0,41.0,0.01,30.5,6.8,1017.1,13.3,10.0,33.30459841404294
38111009,Portland Marathon,2011-10-09,Portland,OR,8461,4013,4448,2:27:38,2:46:28,4:32:58,0:48:31,873,873,178,30,72698024229,2011-10-09,45.5958,-122.6093,5.8,58.3,69.1,55.0,0.02,52.1,2.6,1018.6,14.8,9.3,79.82990948690475
38101010,Portland Marathon,2010-10-10,Portland,OR,7817,3398,4419,2:28:42,2:52:02,4:53:11,1:12:27,873,873,178,30,72698024229,2010-10-10,45.5958,-122.6093,5.8,61.4,68.0,55.9,0.49,57.9,7.2,1023.1,19.1,8.1,88.27228126928944
38091004,Portland Marathon,2009-10-04,Portland,OR,8093,3825,4268,2:24:13,2:55:59,4:50:17,1:12:58,873,873,178,30,72698024229,2009-10-04,45.5958,-122.6093,5.8,51.4,66.0,42.1,0.08,43.8,2.3,1011.2,7.4,9.9,75.16467551304338
38081005,Portland Marathon,2008-10-05,Portland,OR,7856,3707,4149,2:31:22,2:45:24,4:55:21,1:17:40,873,873,178,30,72698024229,2008-10-05,45.5958,-122.6093,5.8,55.6,64.9,51.1,0.23,51.0,3.2,1012.1,8.7,9.6,84.49134219585821
38071007,Portland Marathon,2007-10-07,Portland,OR,7224,3436,3788,2:25:25,2:53:44,4:49:23,1:05:00,873,873,178,30,72698024229,2007-10-07,45.5958,-122.6093,5.8,57.6,66.9,44.1,0.01,50.0,9.3,1020.6,17.1,10.0,75.74238116893952
38061001,Portland Marathon,2006-10-01,Portland,OR,7719,3354,4365,2:21:54,2:53:18,5:04:08,1:20:55,873,873,178,30,72698024229,2006-10-01,45.5958,-122.6093,5.8,58.5,72.0,46.9,0.0,46.7,5.4,1015.4,11.7,10.0,64.81218455946382
38051009,Portland Marathon,2005-10-09,Portland,OR,7201,3262,3939,2:26:28,2:44:30,4:58:22,1:14:44,873,873,178,30,72698024229,2005-10-09,45.5958,-122.6093,5.8,56.4,66.0,48.9,0.18,51.6,4.7,1017.7,13.9,9.1,83.91942268831384
38041003,Portland Marathon,2004-10-03,Portland,OR,5838,2707,3131,2:25:33,2:49:48,4:49:27,1:07:22,873,873,178,30,72698024229,2004-10-03,45.5958,-122.6093,5.8,60.9,77.0,48.0,0.0,53.2,3.1,1019.9,999.9,6.7,75.76404981620541
38031005,Portland Marathon,2003-10-05,Portland,OR,7031,3042,3989,2:23:05,2:47:53,5:04:38,1:18:26,873,873,178,30,72698024229,2003-10-05,45.5958,-122.6093,5.8,61.1,66.9,57.0,0.0,55.1,4.3,1015.8,15.1,9.2,80.63113439925996
38021006,Portland Marathon,2002-10-06,Portland,OR,7091,3061,4030,2:19:56,2:54:09,5:02:45,1:17:46,873,873,178,30,72698024229,2002-10-06,45.5958,-122.6093,5.8,57.8,64.0,51.1,0.03,54.7,3.1,1028.7,999.9,9.0,89.39365747667999
38010930,Portland Marathon,2001-09-30,Portland,OR,7333,3217,4116,2:33:01,2:49:56,5:04:56,1:17:00,873,873,178,30,72698024229,2001-09-30,45.5958,-122.6093,5.8,66.5,86.0,46.9,0.0,50.0,6.0,1016.8,999.9,9.9,55.33225121579286
38001001,Portland Marathon,2000-10-01,Portland,OR,7717,3224,4493,2:22:15,2:58:33,5:11:38,1:23:12,873,873,178,30,72698024229,2000-10-01,45.5958,-122.6093,5.8,63.2,68.0,57.9,0.66,58.0,9.3,1013.5,999.9,9.6,83.14514494088755
1964200119,Rock 'n' Roll Arizona Marathon,2020-01-19,Phoenix,AZ,1685,1083,602,2:20:58,2:42:15,4:43:02,0:58:08,509,516,1277,1151,72278023183,2020-01-19,33.4277,-112.0038,337.4,59.1,75.9,42.1,0.0,29.9,4.1,1019.8,980.4,10.0,32.852667527335235
1964190120,Rock 'n' Roll Arizona Marathon,2019-01-20,Phoenix,AZ,1456,871,585,2:20:59,2:46:20,4:42:50,0:58:52,509,516,1277,1151,72278023183,2019-01-20,33.4277,-112.0038,337.4,58.4,73.9,44.1,0.0,32.2,2.8,1019.2,979.8,10.0,36.97144016123413
1964180114,Rock 'n' Roll Arizona Marathon,2018-01-14,Phoenix,AZ,1468,877,591,2:31:35,2:42:02,4:39:11,0:57:38,509,516,1277,1151,72278023183,2018-01-14,33.4277,-112.0038,337.4,62.8,79.0,46.9,0.0,31.7,3.1,1020.0,980.8,10.0,30.994608370522187
1964170115,Rock 'n' Roll Arizona Marathon,2017-01-15,Phoenix,AZ,2332,1312,1020,2:19:57,2:42:49,4:39:35,0:55:59,509,516,1277,1151,72278023183,2017-01-15,33.4277,-112.0038,337.4,55.9,64.9,50.0,0.03,48.9,4.9,1012.8,973.7,10.0,77.30103156855265
1964160117,Rock 'n' Roll Arizona Marathon,2016-01-17,Phoenix,AZ,2335,1307,1028,2:25:22,2:46:44,4:41:12,0:56:30,509,516,1277,1151,72278023183,2016-01-17,33.4277,-112.0038,337.4,54.5,68.0,39.9,0.0,36.0,3.1,1020.3,980.8,10.0,49.53692461280338
1964150118,Rock 'n' Roll Arizona Marathon,2015-01-18,Phoenix,AZ,2577,1452,1125,2:24:41,2:45:59,4:36:07,0:52:50,509,516,1277,1151,72278023183,2015-01-18,33.4277,-112.0038,337.4,60.5,75.0,46.9,0.0,35.6,3.2,1022.2,982.8,10.0,39.292578509364034
1964140119,Rock 'n' Roll Arizona Marathon,2014-01-19,Phoenix,AZ,2878,1640,1238,2:21:00,2:49:24,4:32:48,0:52:31,509,516,1277,1151,72278023183,2014-01-19,33.4277,-112.0038,337.4,60.6,75.9,46.9,0.0,24.5,3.7,1018.3,979.2,10.0,24.933155714811605
1964130120,Rock 'n' Roll Arizona Marathon,2013-01-20,Phoenix,AZ,3223,1850,1373,2:31:06,2:44:41,4:31:32,0:52:16,509,516,1277,1151,72278023183,2013-01-20,33.4277,-112.0038,337.4,58.7,75.0,45.0,0.0,23.0,1.1,1019.1,979.8,10.0,25.05661618666504
1964120115,Rock 'n' Roll Arizona Marathon,2012-01-15,Phoenix,AZ,3863,2215,1648,2:24:47,2:49:12,4:28:29,0:51:56,509,516,1277,1151,72278023183,2012-01-15,33.4277,-112.0038,337.4,59.0,72.0,44.1,0.0,23.7,3.0,1018.5,979.3,10.0,25.527591503623547
1964110116,Rock 'n' Roll Arizona Marathon,2011-01-16,Phoenix,AZ,5062,2874,2188,2:17:32,2:37:55,4:29:53,0:53:24,509,516,1277,1151,72278023183,2011-01-16,33.4277,-112.0038,337.4,59.0,75.9,46.9,0.0,30.3,2.7,1016.6,977.4,10.0,33.51062131551667
1964100117,Rock 'n' Roll Arizona Marathon,2010-01-17,Phoenix,AZ,5691,3184,2507,2:12:41,2:30:39,4:28:24,0:52:58,509,516,1277,1151,72278023183,2010-01-17,33.4277,-112.0038,337.4,58.1,70.0,48.9,0.0,28.3,4.1,1012.8,973.8,10.0,31.89695047325421
1964090118,Rock 'n' Roll Arizona Marathon,2009-01-18,Phoenix,AZ,6440,3461,2979,2:10:36,2:31:22,4:35:40,0:55:57,509,516,1277,1151,72278023183,2009-01-18,33.4277,-112.0038,337.4,62.8,78.1,48.0,0.0,30.5,3.7,1022.1,982.9,10.0,29.52589531299661
1964080113,Rock 'n' Roll Arizona Marathon,2008-01-13,Phoenix,AZ,6453,3487,2966,2:13:21,2:31:15,4:35:41,0:57:38,509,516,1277,1151,72278023183,2008-01-13,33.4277,-112.0038,337.4,56.5,68.0,45.0,0.0,33.8,2.7,1017.4,978.1,10.0,42.21080422505092
1964070114,Rock 'n' Roll Arizona Marathon,2007-01-14,Phoenix,AZ,6942,3586,3356,2:14:13,2:31:43,4:35:59,0:58:48,509,516,1277,1151,72278023183,2007-01-14,33.4277,-112.0038,337.4,37.7,48.9,28.9,0.0,4.6,6.0,1021.8,981.6,10.0,24.552692032372047
1964060115,Rock 'n' Roll Arizona Marathon,2006-01-15,Phoenix,AZ,7428,3881,3547,2:13:08,2:31:44,4:42:35,1:00:07,509,516,1277,1151,72278023183,2006-01-15,33.4277,-112.0038,337.4,60.8,73.0,48.9,0.0,28.0,5.8,1013.4,974.5,10.0,28.61396723080756
1964050109,Rock 'n' Roll Arizona Marathon,2005-01-09,Phoenix,AZ,7166,3727,3439,2:14:24,2:32:51,4:46:19,1:00:02,509,516,1277,1151,72278023183,2005-01-09,33.4277,-112.0038,337.4,57.3,69.1,50.0,0.0,44.8,4.3,1019.8,980.4,10.0,62.96835014529163
1964040111,Rock 'n' Roll Arizona Marathon,2004-01-11,Phoenix,AZ,9482,4814,4668,2:10:33,2:31:33,4:50:07,0:58:28,509,516,1277,1151,72278023183,2004-01-11,33.4277,-112.0038,337.4,65.1,79.0,51.1,0.0,25.8,5.0,1014.8,999.9,9.9,22.4670681448212
479211121,Philadelphia Marathon,2021-11-21,Philadelphia,PA,7145,4342,2803,2:13:28,2:28:34,4:12:15,0:50:36,846,820,148,5,72408013739,2021-11-21,39.87326,-75.22681,2.1,45.3,54.0,32.0,0.0,36.7,2.5,1027.0,26.0,10.0,71.69979627562111
479191124,Philadelphia Marathon,2019-11-24,Philadelphia,PA,10041,5838,4203,2:16:31,2:32:48,4:19:59,0:52:53,846,820,148,5,72408013739,2019-11-24,39.87327,-75.22678,3.0,41.6,46.9,32.0,0.86,34.4,10.0,1001.9,998.8,8.2,75.40488005839254
479181118,Philadelphia Marathon,2018-11-18,Philadelphia,PA,9509,5370,4139,2:14:47,2:32:53,4:21:37,0:52:39,846,820,148,5,72408013739,2018-11-18,39.87327,-75.22678,3.0,40.4,48.0,32.0,0.0,30.7,4.0,1027.2,26.1,10.0,68.0738629368503
479171119,Philadelphia Marathon,2017-11-19,Philadelphia,PA,7761,4540,3221,2:16:25,2:38:14,4:20:12,0:50:57,846,820,148,5,72408013739,2017-11-19,39.87327,-75.22678,3.0,54.6,62.1,34.0,0.36,40.4,17.2,1000.4,997.8,9.6,58.64062735880462
479161120,Philadelphia Marathon,2016-11-20,Philadelphia,PA,8982,5035,3947,2:15:53,2:36:25,4:22:05,0:51:27,846,820,148,5,72408013739,2016-11-20,39.87327,-75.22678,3.0,41.8,50.0,37.9,0.03,26.0,19.3,1006.4,5.4,9.9,53.19181626817365
479151122,Philadelphia Marathon,2015-11-22,Philadelphia,PA,9153,5078,4075,2:17:44,2:40:05,4:18:11,0:49:35,846,820,148,5,72408013739,2015-11-22,39.87327,-75.22678,3.0,49.3,55.9,39.0,0.0,33.7,9.5,1014.5,13.3,10.0,54.7579097078565
479141123,Philadelphia Marathon,2014-11-23,Philadelphia,PA,10330,5717,4613,2:17:28,2:39:59,4:19:40,0:50:04,846,820,148,5,72408013739,2014-11-23,39.87327,-75.22678,3.0,45.7,54.0,39.9,0.0,24.7,7.3,1023.2,22.2,10.0,43.41848385817129
479131117,Philadelphia Marathon,2013-11-17,Philadelphia,PA,10881,5998,4883,2:17:35,2:39:04,4:20:09,0:48:50,846,820,148,5,72408013739,2013-11-17,39.87327,-75.22678,3.0,56.8,69.1,44.1,0.0,49.0,2.8,1021.6,21.1,8.8,75.10630542145083
479121118,Philadelphia Marathon,2012-11-18,Philadelphia,PA,11641,6467,5174,2:17:47,2:35:37,4:14:59,0:46:41,846,820,148,5,72408013739,2012-11-18,39.87327,-75.22678,3.0,43.6,55.0,35.1,0.0,34.4,5.3,1036.8,35.7,10.0,69.82990238147003
479111120,Philadelphia Marathon,2011-11-20,Philadelphia,PA,10313,6042,4271,2:19:16,2:35:46,4:16:31,0:44:02,846,820,148,5,72408013739,2011-11-20,39.87327,-75.22678,3.0,53.8,64.0,34.0,0.0,43.2,7.7,1023.1,22.1,10.0,67.25823708937406
479101121,Philadelphia Marathon,2010-11-21,Philadelphia,PA,8956,5194,3762,2:21:28,2:38:55,4:13:18,0:45:03,846,820,148,5,72408013739,2010-11-21,39.87327,-75.22678,3.0,46.8,57.0,39.0,0.0,31.5,5.3,1029.8,28.5,9.4,55.050353998124194
479091122,Philadelphia Marathon,2009-11-22,Philadelphia,PA,7475,4365,3110,2:17:15,2:46:44,4:14:11,0:48:00,846,820,148,5,72408013739,2009-11-22,39.87327,-75.22678,3.0,48.3,57.0,39.9,0.0,38.2,6.7,1024.2,23.1,10.0,67.92181064992275
479081123,Philadelphia Marathon,2008-11-23,Philadelphia,PA,7230,4245,2985,2:19:57,2:44:02,4:14:12,0:47:02,846,820,148,5,72408013739,2008-11-23,39.87327,-75.22678,3.0,31.1,39.0,23.0,0.0,16.2,8.8,1031.1,30.1,10.0,53.57581385053973
479071118,Philadelphia Marathon,2007-11-18,Philadelphia,PA,6668,3946,2722,2:25:01,2:42:05,4:10:34,0:46:27,846,820,148,5,72408013739,2007-11-18,39.87327,-75.22678,3.0,42.0,46.0,33.1,0.0,32.8,8.1,1023.5,22.5,9.8,69.64859964352411
479061119,Philadelphia Marathon,2006-11-19,Philadelphia,PA,6119,3954,2165,2:17:09,2:40:31,4:06:44,0:41:00,846,820,148,5,72408013739,2006-11-19,39.87327,-75.22678,3.0,44.7,51.1,39.9,0.0,31.2,6.7,1014.5,13.4,10.0,58.88897482052266
479051120,Philadelphia Marathon,2005-11-20,Philadelphia,PA,5887,3824,2063,2:21:02,2:43:07,4:06:23,0:40:08,846,820,148,5,72408013739,2005-11-20,39.87327,-75.22678,3.0,44.6,59.0,28.9,0.0,29.8,6.1,1025.5,24.4,10.0,55.84985360607767
479041121,Philadelphia Marathon,2004-11-21,Philadelphia,PA,6193,4046,2147,2:19:43,2:41:57,4:05:24,0:39:26,846,820,148,5,72408013739,2004-11-21,39.87327,-75.22678,3.0,51.1,57.0,48.0,0.16,48.3,5.0,1022.3,999.9,6.2,90.1040156064404
479031123,Philadelphia Marathon,2003-11-23,Philadelphia,PA,5354,3610,1744,2:16:47,2:45:05,4:04:48,0:41:21,846,820,148,5,72408013739,2003-11-23,39.87327,-75.22678,3.0,49.2,62.1,42.1,0.0,46.6,1.9,1022.5,20.1,7.1,90.7073358261334
479021124,Philadelphia Marathon,2002-11-24,Philadelphia,PA,4535,2984,1551,2:18:43,2:39:47,4:06:24,0:41:37,846,820,148,5,72408013739,2002-11-24,39.87327,-75.22678,3.0,42.9,53.1,34.0,0.0,28.6,9.1,1017.8,999.9,9.9,56.74969533160886
479011118,Philadelphia Marathon,2001-11-18,Philadelphia,PA,3889,2564,1325,2:21:07,2:41:05,4:03:17,0:38:21,846,820,148,5,72408013739,2001-11-18,39.87327,-75.22678,3.0,45.8,57.9,36.0,0.0,38.4,3.8,1030.2,999.9,9.6,75.21276838213056
479001119,Philadelphia Marathon,2000-11-19,Philadelphia,PA,4252,2890,1362,2:18:03,2:41:56,4:05:49,0:42:19,846,820,148,5,72408013739,2000-11-19,39.87327,-75.22678,3.0,37.7,46.9,30.9,0.0,24.0,6.9,1020.5,999.9,9.9,57.407240560317696
481220109,Disney World Marathon,2022-01-09,Orlando,FL,11317,5283,6034,2:30:37,2:45:15,5:45:07,1:02:39,351,354,105,75,72205012815,2022-01-09,28.41822,-81.32413,27.1,70.5,82.9,54.0,0.0,60.9,6.5,1027.1,23.5,10.0,71.64444058803984
481200112,Disney World Marathon,2020-01-12,Orlando,FL,14106,6577,7529,2:22:19,2:54:19,5:46:07,0:56:19,351,354,105,75,72205012815,2020-01-12,28.4339,-81.325,27.4,75.0,86.0,66.9,0.01,67.7,6.0,1024.5,20.9,9.1,78.06879556763847
481190113,Disney World Marathon,2019-01-13,Orlando,FL,11480,5984,5496,2:18:45,2:45:24,5:34:00,1:05:06,351,354,105,75,72205012815,2019-01-13,28.4339,-81.325,27.4,67.0,81.0,54.0,0.0,58.3,5.9,1020.7,17.1,10.0,73.62845907434385
481180107,Disney World Marathon,2018-01-07,Orlando,FL,20025,9262,10763,2:17:52,2:47:22,5:48:43,1:06:45,351,354,105,75,72205012815,2018-01-07,28.4339,-81.325,27.4,50.1,66.0,37.0,0.0,38.6,11.1,1029.3,25.6,10.0,64.51352465796121
481170108,Disney World Marathon,2017-01-08,Orlando,FL,17729,8394,9335,2:23:15,2:48:05,5:36:34,1:04:03,351,354,105,75,72205012815,2017-01-08,28.4339,-81.325,27.4,44.4,55.0,36.0,0.37,33.2,15.1,1031.0,27.3,10.0,64.55896771956229
481160110,Disney World Marathon,2016-01-10,Orlando,FL,19838,9523,10315,2:33:24,2:52:23,5:42:07,1:02:07,351,354,105,75,72205012815,2016-01-10,28.4339,-81.325,27.4,66.6,71.1,57.9,0.22,61.9,7.7,1012.5,8.5,9.2,84.85295629678461
481150111,Disney World Marathon,2015-01-11,Orlando,FL,19959,9681,10278,2:18:06,2:50:20,5:34:18,1:04:40,351,354,105,75,72205012815,2015-01-11,28.4339,-81.325,27.4,61.2,79.0,44.1,0.0,57.1,6.6,1026.8,23.2,9.4,86.37739345518828
481140112,Disney World Marathon,2014-01-12,Orlando,FL,19191,9496,9695,2:21:39,2:47:44,5:27:10,1:03:07,351,354,105,75,72205012815,2014-01-12,28.4339,-81.325,27.4,66.3,86.0,55.9,0.41,51.7,9.0,1019.2,15.1,9.9,59.336838421213024
481130113,Disney World Marathon,2013-01-13,Orlando,FL,20679,10061,10618,2:21:16,2:48:30,5:33:42,1:03:18,351,354,105,75,72205012815,2013-01-13,28.4339,-81.325,27.4,69.5,82.9,57.0,0.0,62.3,4.8,1020.1,16.5,9.1,77.89040340581165
481120108,Disney World Marathon,2012-01-08,Orlando,FL,13467,7155,6312,2:19:02,2:48:35,5:08:14,1:00:38,351,354,105,75,72205012815,2012-01-08,28.4339,-81.325,27.4,60.7,77.0,46.9,0.0,48.8,1.2,1022.8,19.1,9.9,64.83817972966989
481110109,Disney World Marathon,2011-01-09,Orlando,FL,13512,7247,6265,2:21:15,2:42:11,5:04:45,1:00:17,351,354,105,75,72205012815,2011-01-09,28.4339,-81.325,27.4,54.7,64.9,42.4,0.0,38.6,7.7,1016.4,12.6,10.0,54.47220694559346
481100110,Disney World Marathon,2010-01-10,Orlando,FL,16874,8725,8149,2:22:08,2:51:20,5:12:04,0:59:52,351,354,105,75,72205012815,2010-01-10,28.4339,-81.325,27.4,34.7,44.1,24.1,0.04,17.2,9.5,1026.5,22.7,10.0,48.42004248825248
481090111,Disney World Marathon,2009-01-11,Orlando,FL,14927,7793,7134,2:20:38,2:46:27,5:08:09,0:58:21,351,354,105,75,72205012815,2009-01-11,28.4339,-81.325,27.4,64.9,80.1,46.9,0.0,55.5,5.8,1019.8,16.3,9.0,71.58638725688907
481080113,Disney World Marathon,2008-01-13,Orlando,FL,12951,6751,6200,2:20:56,2:47:29,5:16:07,0:57:20,351,354,105,75,72205012815,2008-01-13,28.4339,-81.325,27.4,68.5,81.0,60.1,0.0,65.6,5.1,1014.4,10.7,7.0,90.47045286037326
481070107,Disney World Marathon,2007-01-07,Orlando,FL,10936,5780,5156,2:19:24,2:57:03,5:13:36,0:57:14,351,354,105,75,72205012815,2007-01-07,28.4339,-81.325,27.4,73.0,84.0,63.0,0.0,64.2,5.7,1020.4,17.0,7.8,73.93874587115235
481060108,Disney World Marathon,2006-01-08,Orlando,FL,10125,5106,5019,2:19:44,2:51:38,5:04:34,0:58:51,351,354,105,75,72205012815,2006-01-08,28.4339,-81.325,27.4,49.0,66.0,34.0,0.0,33.2,3.3,1024.8,21.0,8.7,54.27709667595179
481050109,Disney World Marathon,2005-01-09,Orlando,FL,7726,3880,3846,2:19:16,2:56:06,5:07:31,0:58:18,351,354,105,75,72205012815,2005-01-09,28.4339,-81.325,27.4,68.2,81.0,57.0,0.0,59.1,1.2,1025.8,22.1,9.6,72.69826598893765
481040111,Disney World Marathon,2004-01-11,Orlando,FL,9371,4722,4649,2:27:58,2:59:13,5:01:30,0:58:42,351,354,105,75,72205012815,2004-01-11,28.4339,-81.325,27.4,47.6,64.0,39.0,0.01,38.8,12.5,1026.4,999.9,9.7,71.38445777211209
481030112,Disney World Marathon,2003-01-12,Orlando,FL,9404,4566,4838,2:18:33,2:53:10,5:02:06,1:00:50,351,354,105,75,72205012815,2003-01-12,28.4339,-81.325,27.4,52.0,66.0,44.1,0.0,38.0,8.3,1023.2,999.9,10.0,58.73821122428286
481020106,Disney World Marathon,2002-01-06,Orlando,FL,7950,3895,4055,2:32:38,2:48:38,5:00:45,0:58:21,351,354,105,75,72205012815,2002-01-06,28.4339,-81.325,27.4,60.1,70.0,51.1,0.0,54.6,10.0,1015.3,999.9,9.9,82.0383231208855
481010107,Disney World Marathon,2001-01-07,Orlando,FL,8012,4039,3973,2:26:38,2:46:40,4:54:55,0:59:33,351,354,105,75,72205012815,2001-01-07,28.4339,-81.325,27.4,48.9,70.0,30.9,0.0,29.3,2.7,1016.8,999.9,9.2,46.533319683543226
481000108,Disney World Marathon,2000-01-08,Orlando,FL,7270,3864,3406,2:25:40,2:54:51,4:52:45,0:58:37,351,354,105,75,72205012815,2000-01-08,28.4339,-81.325,27.4,66.2,77.0,60.8,0.0,61.8,4.8,1023.4,999.9,6.1,85.733235406034
472211107,New York City Marathon,2021-11-07,New York City,NY,24939,13576,11348,2:08:22,2:22:39,4:39:24,1:02:38,810,824,260,7,72503014732,2021-11-07,40.77945,-73.88027,3.0,49.5,57.0,43.0,0.0,31.7,3.4,1023.3,22.3,10.0,50.15654779754753
472191103,New York City Marathon,2019-11-03,New York City,NY,53508,30794,22714,2:08:13,2:22:38,4:36:04,0:59:21,810,824,260,7,72503014732,2019-11-03,40.77944,-73.88035,3.4,47.8,53.1,39.9,0.0,30.6,9.6,1018.3,17.3,10.0,51.12222249610486
472181104,New York City Marathon,2018-11-04,New York City,NY,52704,30592,22112,2:05:59,2:22:48,4:38:24,0:58:03,810,824,260,7,72503014732,2018-11-04,40.77944,-73.88035,3.4,51.0,66.0,46.0,0.23,31.5,7.9,1029.9,28.9,10.0,47.05830413708394
472171105,New York City Marathon,2017-11-05,New York City,NY,50643,29583,21060,2:10:53,2:26:53,4:37:03,0:56:32,810,824,260,7,72503014732,2017-11-05,40.77944,-73.88035,3.4,54.8,61.0,48.0,0.02,49.2,7.8,1024.8,23.2,8.5,81.35675433735372
472161106,New York City Marathon,2016-11-06,New York City,NY,48468,29830,18638,2:07:51,2:24:26,4:36:30,0:54:27,810,824,260,7,72503014732,2016-11-06,40.77944,-73.88035,3.4,57.7,64.0,48.0,0.0,39.2,12.0,1021.6,20.5,10.0,50.02843978066066
472151101,New York City Marathon,2015-11-01,New York City,NY,49828,28804,21024,2:10:34,2:24:25,4:39:10,0:54:29,810,824,260,7,72503014732,2015-11-01,40.77944,-73.88035,3.4,57.3,64.9,43.0,0.0,44.0,7.1,1014.8,13.7,10.0,61.07812898964913
472141102,New York City Marathon,2014-11-02,New York City,NY,50433,30035,20398,2:10:59,2:25:07,4:34:48,0:53:23,810,824,260,7,72503014732,2014-11-02,40.77944,-73.88035,3.4,44.6,48.0,42.1,0.17,31.4,19.4,1010.0,8.8,10.0,59.59328849285694
472131103,New York City Marathon,2013-11-03,New York City,NY,50062,30536,19526,2:08:24,2:25:07,4:28:59,0:51:11,810,824,260,7,72503014732,2013-11-03,40.77944,-73.88035,3.4,50.9,68.0,42.1,0.01,35.0,11.2,1015.1,14.1,10.0,54.34200260835207
472111106,New York City Marathon,2011-11-06,New York City,NY,46536,29669,16867,2:05:05,2:23:15,4:28:12,0:52:30,810,824,260,7,72503014732,2011-11-06,40.77944,-73.88035,3.4,46.9,55.0,37.0,0.0,29.5,4.1,1032.2,31.2,10.0,50.56942940450956
472101107,New York City Marathon,2010-11-07,New York City,NY,44704,28661,16043,2:08:14,2:28:20,4:28:00,0:52:31,810,824,260,7,72503014732,2010-11-07,40.77944,-73.88035,3.4,45.4,52.0,39.0,0.0,29.2,10.4,1022.9,22.2,10.0,52.8690453260047
472091101,New York City Marathon,2009-11-01,New York City,NY,43250,28178,15072,2:09:15,2:28:52,4:24:42,0:50:44,810,824,260,7,72503014732,2009-11-01,40.77944,-73.88035,3.4,57.5,71.1,52.0,0.13,43.5,9.5,1016.2,15.2,9.5,59.49261039670195
472081102,New York City Marathon,2008-11-02,New York City,NY,37790,24991,12799,2:08:43,2:23:56,4:25:32,0:52:17,810,824,260,7,72503014732,2008-11-02,40.77944,-73.88035,3.4,47.4,64.9,39.0,0.0,29.1,9.0,1030.5,29.5,10.0,48.82355726067578
472071104,New York City Marathon,2007-11-04,New York City,NY,38557,26042,12515,2:09:04,2:23:09,4:29:03,0:51:19,810,824,260,7,72503014732,2007-11-04,40.77944,-73.88035,3.4,52.2,55.9,46.9,0.0,30.2,11.1,1009.3,8.3,10.0,42.71061056217155
472061105,New York City Marathon,2006-11-05,New York City,NY,37936,25607,12329,2:09:57,2:25:04,4:27:24,0:51:29,810,824,260,7,72503014732,2006-11-05,40.77944,-73.88035,3.4,45.0,50.0,34.7,0.0,22.8,3.7,1033.5,32.6,10.0,41.17875605543973
472051106,New York City Marathon,2005-11-06,New York City,NY,36872,24812,12060,2:09:30,2:24:41,4:37:37,0:51:57,810,824,260,7,72503014732,2005-11-06,40.77944,-73.88035,3.4,59.0,73.9,53.1,0.0,54.7,5.6,1016.0,14.9,3.1,85.63123163314087
472041107,New York City Marathon,2004-11-07,New York City,NY,36513,24563,11950,2:09:28,2:23:10,4:37:21,0:50:30,810,824,260,7,72503014732,2004-11-07,40.7792,-73.88,3.4,58.2,69.8,48.2,0.0,37.4,9.1,1009.6,999.9,9.1,45.794569800716005
472031102,New York City Marathon,2003-11-02,New York City,NY,34729,23014,11715,2:10:30,2:22:31,4:36:39,0:50:33,810,824,260,7,72503014732,2003-11-02,40.77944,-73.88035,3.4,64.6,77.0,57.0,0.0,55.0,5.5,1022.8,21.8,10.0,71.03723112515522
472021103,New York City Marathon,2002-11-03,New York City,NY,31824,21634,10190,2:08:07,2:25:56,4:28:37,0:50:56,810,824,260,7,72503014732,2002-11-03,40.77944,-73.88035,3.4,43.0,46.0,36.0,0.0,27.8,10.1,1018.0,999.9,9.9,54.70843184979112
472011104,New York City Marathon,2001-11-04,New York City,NY,23648,16810,6838,2:07:44,2:24:21,4:26:21,0:50:20,810,824,260,7,72503014732,2001-11-04,40.77944,-73.88035,3.4,56.5,69.1,51.1,0.08,36.4,7.7,1020.4,999.9,9.9,46.80348934587846
472001105,New York City Marathon,2000-11-05,New York City,NY,29327,21015,8312,2:10:09,2:25:45,4:24:38,0:52:11,810,824,260,7,72503014732,2000-11-05,40.77944,-73.88035,3.4,52.2,66.9,48.0,0.0,36.7,15.4,1010.4,999.9,9.9,55.40158362467202
58211003,Twin Cities Marathon,2021-10-03,Minneapolis,MN,3203,1868,1335,2:15:22,2:45:55,4:23:40,0:46:32,576,495,950,788,72658014922,2021-10-03,44.88523,-93.23133,254.5,64.7,73.0,57.0,0.26,57.9,7.7,1012.9,982.8,9.6,78.6109799694002
58191006,Twin Cities Marathon,2019-10-06,Minneapolis,MN,6739,3849,2890,2:12:23,2:31:29,4:23:17,0:45:51,576,495,950,788,72658014922,2019-10-06,44.8831,-93.2289,265.8,54.0,64.9,46.9,0.49,41.9,11.7,1012.6,982.0,9.9,63.51616949054698
58181007,Twin Cities Marathon,2018-10-07,Minneapolis,MN,7157,3972,3185,2:11:58,2:33:04,4:20:09,0:45:00,576,495,950,788,72658014922,2018-10-07,44.8831,-93.2289,265.8,47.0,52.0,44.1,0.0,41.7,7.1,1024.9,993.4,9.1,81.71186507077093
58171001,Twin Cities Marathon,2017-10-01,Minneapolis,MN,7518,4100,3418,2:11:53,2:30:25,4:24:20,0:44:15,576,495,950,788,72658014922,2017-10-01,44.8831,-93.2289,265.8,60.0,69.1,46.0,0.06,48.6,11.1,1017.2,986.4,9.5,65.97607513097579
58161009,Twin Cities Marathon,2016-10-09,Minneapolis,MN,8551,4714,3837,2:08:51,2:30:01,4:21:10,0:44:22,576,495,950,788,72658014922,2016-10-09,44.8831,-93.2289,265.8,46.0,60.1,36.0,0.0,35.9,3.9,1027.8,996.7,8.9,67.65089887037153
58151004,Twin Cities Marathon,2015-10-04,Minneapolis,MN,8586,4776,3810,2:11:16,2:31:39,4:20:16,0:44:02,576,495,950,788,72658014922,2015-10-04,44.8831,-93.2289,265.8,49.9,60.1,42.1,0.0,39.1,6.2,1026.0,994.9,10.0,66.27654654860913
58141005,Twin Cities Marathon,2014-10-05,Minneapolis,MN,8848,4854,3994,2:13:32,2:34:00,4:18:33,0:43:49,576,495,950,788,72658014922,2014-10-05,44.8831,-93.2289,265.8,40.9,51.1,35.1,0.03,29.8,7.4,1004.4,973.7,10.0,64.37152812188118
58131006,Twin Cities Marathon,2013-10-06,Minneapolis,MN,8847,4919,3928,2:13:11,2:30:52,4:17:35,0:43:03,576,495,950,788,72658014922,2013-10-06,44.8831,-93.2289,265.8,48.3,61.0,42.1,0.01,45.1,3.0,1007.1,976.6,8.7,88.63194642112406
58121007,Twin Cities Marathon,2012-10-07,Minneapolis,MN,8781,5094,3687,2:14:53,2:32:37,4:16:40,0:43:06,576,495,950,788,72658014922,2012-10-07,44.8831,-93.2289,265.8,39.1,53.1,28.0,0.0,21.0,5.3,1021.9,990.7,10.0,47.898761683176026
58111002,Twin Cities Marathon,2011-10-02,Minneapolis,MN,8531,4855,3676,2:13:11,2:28:24,4:20:15,0:43:15,576,495,950,788,72658014922,2011-10-02,44.8831,-93.2289,265.8,58.1,80.1,39.0,0.0,34.7,5.2,1022.7,991.9,10.0,41.30401671811411
58101003,Twin Cities Marathon,2010-10-03,Minneapolis,MN,8211,4817,3394,2:14:02,2:27:23,4:15:35,0:42:51,576,495,950,788,72658014922,2010-10-03,44.8831,-93.2289,265.8,48.0,59.0,37.9,0.0,33.5,2.3,1030.8,999.6,10.0,57.02715272766052
58091004,Twin Cities Marathon,2009-10-04,Minneapolis,MN,8429,4889,3540,2:12:09,2:31:48,4:15:47,0:42:41,576,495,950,788,72658014922,2009-10-04,44.8831,-93.2289,265.8,49.0,54.0,44.1,0.04,42.2,7.5,1014.8,984.1,10.0,77.2823918857686
58081005,Twin Cities Marathon,2008-10-05,Minneapolis,MN,7979,4796,3183,2:16:31,2:32:27,4:17:27,0:41:58,576,495,950,788,72658014922,2008-10-05,44.8831,-93.2289,265.8,52.9,63.0,39.9,0.0,42.7,11.2,1019.8,989.0,9.3,68.19223281764664
58071007,Twin Cities Marathon,2007-10-07,Minneapolis,MN,7215,4390,2825,2:13:54,2:34:09,4:43:22,0:43:06,576,495,950,788,72658014922,2007-10-07,44.8831,-93.2289,265.8,77.3,87.1,71.1,0.02,67.6,9.3,1010.8,981.2,10.0,72.07393242876734
58061001,Twin Cities Marathon,2006-10-01,Minneapolis,MN,8215,5014,3201,2:13:52,2:32:17,4:29:30,0:45:49,576,495,950,788,72658014922,2006-10-01,44.8831,-93.2289,265.8,62.5,84.0,48.0,0.0,45.5,5.8,1011.0,980.8,10.0,53.735507409553385
58051002,Twin Cities Marathon,2005-10-02,Minneapolis,MN,7753,4685,3068,2:18:28,2:40:21,4:24:21,0:43:30,576,495,950,788,72658014922,2005-10-02,44.8831,-93.2289,265.8,70.3,82.9,55.0,0.0,59.6,10.5,1011.8,981.9,10.0,68.87626597760276
58041003,Twin Cities Marathon,2004-10-03,Minneapolis,MN,7304,4483,2821,2:13:33,2:26:53,4:18:53,0:43:18,576,495,950,788,72658014922,2004-10-03,44.8831,-93.2289,265.8,54.7,73.0,33.1,0.0,33.7,9.0,1015.9,999.9,9.9,44.87876847602943
58031005,Twin Cities Marathon,2003-10-05,Minneapolis,MN,7084,4376,2708,2:12:47,2:30:41,4:16:41,0:42:40,576,495,950,788,72658014922,2003-10-05,44.8831,-93.2289,265.8,53.0,66.9,41.0,0.0,42.5,3.9,1015.4,985.1,10.0,67.42263104488838
58020929,Twin Cities Marathon,2002-09-29,Minneapolis,MN,6532,3981,2551,2:11:35,2:29:39,4:16:13,0:42:16,576,495,950,788,72658014922,2002-09-29,44.8831,-93.2289,265.8,55.3,62.1,46.0,0.08,54.7,5.2,1015.4,999.9,4.3,97.84178274357367
58011007,Twin Cities Marathon,2001-10-07,Minneapolis,MN,6356,4077,2279,2:14:07,2:26:51,4:15:44,0:41:35,576,495,950,788,72658014922,2001-10-07,44.8831,-93.2289,265.8,41.3,55.9,28.9,0.0,21.9,6.5,1023.6,999.9,9.9,45.68455140686827
58001008,Twin Cities Marathon,2000-10-08,Minneapolis,MN,5896,3744,2152,2:12:40,2:29:37,4:12:01,0:41:08,576,495,950,788,72658014922,2000-10-08,44.8831,-93.2289,265.8,38.0,46.9,28.9,0.0,20.2,8.6,1038.3,999.9,9.9,48.3337719153695
9220320,L.A. Marathon,2022-03-20,Los Angeles,CA,12064,7289,4775,2:09:08,2:25:04,5:18:08,1:17:34,943,1169,566,203,72288593197,2022-03-20,34.02099,-118.44712,53.3,59.8,75.9,53.1,0.01,48.5,6.0,1014.0,7.7,9.5,66.19945215168687
9211107,L.A. Marathon,2021-11-07,Los Angeles,CA,8643,5586,3057,2:12:48,2:33:17,5:09:47,1:10:46,943,1169,566,203,72288593197,2021-11-07,34.02099,-118.44712,53.3,57.1,61.0,55.0,0.0,54.0,2.8,1016.9,10.7,3.3,89.36320248854442
9200308,L.A. Marathon,2020-03-08,Los Angeles,CA,21626,12732,8894,2:08:26,2:29:28,5:18:54,1:10:49,943,1169,566,203,72288593197,2020-03-08,34.01583,-118.45139,53.0,55.5,61.0,48.9,0.01,46.5,3.3,1016.0,9.8,10.0,71.67198558430393
9190324,L.A. Marathon,2019-03-24,Los Angeles,CA,20040,11794,8246,2:11:46,2:24:12,5:22:10,1:12:20,943,1169,566,203,72288593197,2019-03-24,34.01583,-118.45139,53.0,58.3,66.0,51.1,0.0,50.8,3.3,1021.1,14.7,9.6,76.08775767656573
9180318,L.A. Marathon,2018-03-18,Los Angeles,CA,19571,11248,8323,2:11:47,2:33:49,5:06:39,1:12:29,943,1169,566,203,72288593197,2018-03-18,34.01583,-118.45139,53.0,52.5,61.0,44.1,0.0,40.2,4.1,1018.7,12.5,10.0,62.83521129065653
9170319,L.A. Marathon,2017-03-19,Los Angeles,CA,18892,10930,7962,2:11:52,2:31:36,5:32:08,1:12:17,943,1169,566,203,72288593197,2017-03-19,34.01583,-118.45139,53.0,58.4,64.9,54.0,0.0,54.8,4.4,1017.9,11.7,5.7,87.80886437844188
9160214,L.A. Marathon,2016-02-14,Los Angeles,CA,20619,11497,9122,2:13:06,2:30:40,5:20:35,1:10:54,943,1169,566,203,72288593197,2016-02-14,34.01583,-118.45139,53.0,55.6,72.0,48.0,0.0,51.4,2.7,1017.2,11.1,2.9,85.7501464163539
9150315,L.A. Marathon,2015-03-15,Los Angeles,CA,21904,12532,9372,2:10:35,2:34:10,5:30:45,1:13:09,943,1169,566,203,72288593197,2015-03-15,34.01583,-118.45139,53.0,77.8,93.9,63.0,0.0,38.7,3.6,1016.1,9.9,10.0,24.549644757325105
9140309,L.A. Marathon,2014-03-09,Los Angeles,CA,21481,12358,9123,2:10:37,2:27:37,5:26:10,1:12:48,943,1169,566,203,72288593197,2014-03-09,34.01583,-118.45139,53.0,71.4,88.0,53.1,0.0,33.8,3.6,1019.6,13.4,10.0,25.05776045954165
9130317,L.A. Marathon,2013-03-17,Los Angeles,CA,19545,11768,7777,2:09:44,2:26:08,5:11:34,1:08:41,943,1169,566,203,72288593197,2013-03-17,34.01583,-118.45139,53.0,55.3,60.1,52.0,0.0,49.7,2.7,1014.6,8.4,5.3,81.39339693167781
9120318,L.A. Marathon,2012-03-18,Los Angeles,CA,18729,11381,7348,2:12:12,2:25:39,5:15:13,1:11:55,943,1169,566,203,72288593197,2012-03-18,34.01583,-118.45139,53.0,49.0,55.0,44.6,0.22,39.0,5.4,1008.4,2.0,9.4,68.26964191902431
9110320,L.A. Marathon,2011-03-20,Los Angeles,CA,19626,11896,7730,2:06:35,2:26:34,5:16:52,1:14:14,943,1169,566,203,72288593197,2011-03-20,34.01583,-118.45139,53.0,53.7,57.0,48.9,0.05,45.4,7.2,1013.1,5.2,7.1,73.40917790439309
9100321,L.A. Marathon,2010-03-21,Los Angeles,CA,22403,13238,9165,2:09:19,2:25:38,5:23:07,1:09:46,943,1169,566,203,72288593197,2010-03-21,34.01583,-118.45139,53.0,57.7,70.0,51.1,0.0,50.6,2.7,1020.8,14.5,4.2,77.17022777927444
9090525,L.A. Marathon,2009-05-25,Los Angeles,CA,14061,8922,5139,2:08:24,2:25:59,5:31:03,1:15:46,943,1169,566,203,72288593197,2009-05-25,34.01583,-118.45139,53.0,62.1,66.9,59.0,0.0,51.5,5.2,1014.3,8.1,10.0,68.21444423362102
9080302,L.A. Marathon,2008-03-02,Los Angeles,CA,16941,10436,6505,2:13:50,2:29:09,5:36:12,1:16:11,943,1169,566,203,72288593197,2008-03-02,34.01583,-118.45139,53.0,54.5,63.0,46.4,0.0,45.8,2.5,1016.7,10.4,6.4,72.38519643919821
9070304,L.A. Marathon,2007-03-04,Los Angeles,CA,20016,12207,7809,2:17:14,2:37:54,5:42:40,1:16:52,943,1169,566,203,72288593197,2007-03-04,34.01583,-118.45139,53.0,64.1,82.0,48.9,0.0,24.3,4.3,1022.3,16.1,10.0,21.85752170646581
9060319,L.A. Marathon,2006-03-19,Los Angeles,CA,20169,12367,7802,2:08:40,2:25:10,5:32:09,1:18:41,943,1169,566,203,72288593197,2006-03-19,34.01583,-118.45139,53.0,53.7,61.0,46.0,0.0,40.4,6.1,1009.8,3.6,10.0,60.59889422709423
9050306,L.A. Marathon,2005-03-06,Los Angeles,CA,19985,12409,7576,2:09:35,2:26:11,5:32:26,1:14:46,943,1169,566,203,72288599999,2005-03-06,34.017,-118.45,53.0,59.1,64.4,53.6,0.0,51.9,4.1,1018.0,999.9,7.3,77.00730953142006
9040307,L.A. Marathon,2004-03-07,Los Angeles,CA,17306,10920,6386,2:13:41,2:30:17,5:46:12,1:15:18,943,1169,566,203,72288599999,2004-03-07,34.017,-118.45,53.0,63.2,80.6,53.6,0.0,51.4,3.2,1022.2,999.9,9.6,65.38280565484195
9030302,L.A. Marathon,2003-03-02,Los Angeles,CA,16788,10464,6324,2:09:52,2:29:40,5:26:50,1:15:07,943,1169,566,203,72288599999,2003-03-02,34.017,-118.45,53.0,55.9,66.0,46.0,0.0,44.8,4.6,1017.7,999.9,10.0,66.23374867510407
9010304,L.A. Marathon,2001-03-04,Los Angeles,CA,15948,10086,5862,2:13:13,2:36:58,5:22:14,1:14:33,943,1169,566,203,72288599999,2001-03-04,34.017,-118.45,53.0,55.3,60.8,51.8,0.02,47.8,4.9,1015.2,999.9,9.7,75.81434912359832
9000305,L.A. Marathon,2000-03-05,Los Angeles,CA,14410,8121,6289,2:11:55,2:33:33,5:32:10,1:23:47,943,1169,566,203,72288599999,2000-03-05,34.017,-118.45,53.0,55.5,59.0,50.0,0.0,48.5,11.1,9999.9,999.9,13.9,77.26621845826064
2220116,Houston Marathon,2022-01-16,Houston,TX,6252,3926,2326,2:11:03,2:19:12,4:16:47,0:51:18,225,222,84,27,72244012918,2022-01-16,29.64586,-95.28212,13.2,44.8,59.0,35.1,0.0,25.3,12.1,1020.6,18.5,10.0,46.06298797192483
2200119,Houston Marathon,2020-01-19,Houston,TX,6901,4301,2600,2:08:35,2:23:28,4:20:34,0:51:02,225,222,84,27,72244012918,2020-01-19,29.63806,-95.28194,13.4,55.8,66.9,46.0,0.52,33.5,13.9,1028.3,26.3,10.0,42.777343425989386
2190120,Houston Marathon,2019-01-20,Houston,TX,6657,4050,2607,2:10:02,2:23:28,4:22:45,0:49:19,225,222,84,27,72244012918,2019-01-20,29.63806,-95.28194,13.4,42.1,53.1,33.1,0.36,25.4,11.8,1026.9,24.8,10.0,51.28842596647326
2180114,Houston Marathon,2018-01-14,Houston,TX,6710,4145,2565,2:08:30,2:24:51,4:27:26,0:48:09,225,222,84,27,72244012918,2018-01-14,29.63806,-95.28194,13.4,41.7,52.0,33.1,0.0,29.4,5.6,1034.3,32.2,10.0,61.40400247978363
2170115,Houston Marathon,2017-01-15,Houston,TX,7109,4305,2804,2:12:05,2:30:18,4:37:03,0:45:19,225,222,84,27,72244012918,2017-01-15,29.63806,-95.28194,13.4,67.1,78.1,62.1,0.0,63.4,8.3,1021.0,19.2,6.3,87.91907158122746
2160117,Houston Marathon,2016-01-17,Houston,TX,7807,4782,3025,2:10:54,2:26:07,4:25:45,0:47:03,225,222,84,27,72244012918,2016-01-17,29.63806,-95.28194,13.4,48.6,57.9,39.9,0.25,36.6,7.9,1020.8,18.7,10.0,63.06915183123875
2150118,Houston Marathon,2015-01-18,Houston,TX,7132,4347,2785,2:08:03,2:23:23,4:30:29,0:47:48,225,222,84,27,72244012918,2015-01-18,29.63806,-95.28194,13.4,55.8,68.0,45.0,0.0,39.5,4.1,1024.3,22.3,10.0,54.20926962185558
2140119,Houston Marathon,2014-01-19,Houston,TX,7045,4406,2639,2:07:32,2:25:52,4:28:50,0:46:56,225,222,84,27,72244012918,2014-01-19,29.63806,-95.28194,13.4,57.8,70.0,48.9,0.0,41.4,4.4,1023.2,21.0,8.3,54.29125359814619
2130113,Houston Marathon,2013-01-13,Houston,TX,6667,4111,2556,2:10:17,2:23:37,4:30:14,0:47:07,225,222,84,27,72244012918,2013-01-13,29.63806,-95.28194,13.4,56.7,75.0,44.1,0.02,51.4,12.1,1013.5,11.3,8.3,82.40418878215982
2120115,Houston Marathon,2012-01-15,Houston,TX,7637,4839,2798,2:06:51,2:23:14,4:24:52,0:47:39,225,222,84,27,72244012918,2012-01-15,29.63806,-95.28194,13.4,52.5,68.0,39.0,0.0,42.1,4.7,1027.9,25.8,10.0,67.62375565487866
2110130,Houston Marathon,2011-01-30,Houston,TX,6903,4345,2558,2:07:04,2:26:33,4:34:33,0:44:10,225,222,84,27,72244012918,2011-01-30,29.63806,-95.28194,13.4,66.2,71.1,64.0,0.0,60.3,6.5,1016.5,14.4,10.0,81.2962452873902
2100117,Houston Marathon,2010-01-17,Houston,TX,6340,3940,2400,2:07:37,2:23:53,4:29:39,0:45:25,225,222,84,27,72244012918,2010-01-17,29.63806,-95.28194,13.4,50.4,62.6,41.0,0.04,41.8,5.2,1016.3,999.9,8.8,72.2376008092032
2090118,Houston Marathon,2009-01-18,Houston,TX,5345,3477,1868,2:07:52,2:24:18,4:32:02,0:47:33,225,222,84,27,72244012918,2009-01-18,29.63806,-95.28194,13.4,63.4,73.9,55.9,0.0,45.2,6.6,1022.4,999.9,9.8,51.473467727247865
2080113,Houston Marathon,2008-01-13,Houston,TX,5592,3498,2094,2:12:31,2:24:39,4:28:25,0:44:44,225,222,84,27,72244012918,2008-01-13,29.63806,-95.28194,13.4,55.6,64.4,46.4,0.12,38.1,10.2,1020.8,999.9,10.0,51.69765079151015
2070114,Houston Marathon,2007-01-14,Houston,TX,5333,3305,2028,2:11:39,2:26:52,4:28:03,0:48:04,225,222,84,27,72244012918,2007-01-14,29.63806,-95.28194,13.4,65.9,75.0,55.0,0.13,61.9,7.5,1017.0,999.9,6.0,86.93624751944206
2060115,Houston Marathon,2006-01-15,Houston,TX,5425,3420,2005,2:12:02,2:32:25,4:27:19,0:45:03,225,222,84,27,72244012918,2006-01-15,29.63806,-95.28194,13.4,57.7,73.0,39.9,0.0,43.3,6.9,1019.4,999.9,10.0,58.615968078202165
2050116,Houston Marathon,2005-01-16,Houston,TX,5727,3706,2021,2:14:50,2:32:27,4:26:16,0:45:12,225,222,84,27,72244012918,2005-01-16,29.63806,-95.28194,13.4,46.6,57.2,37.4,0.0,30.9,9.0,1034.9,999.9,10.0,54.13759837663588
2040118,Houston Marathon,2004-01-18,Houston,TX,5383,3547,1836,2:18:51,2:28:36,4:27:07,0:44:32,225,222,84,27,72243012960,2004-01-18,29.98,-95.36,29.0,54.1,66.9,46.4,0.01,46.8,8.9,1009.4,999.9,9.8,76.27688804077508
2030119,Houston Marathon,2003-01-19,Houston,TX,4699,3117,1582,2:24:43,2:42:37,4:25:50,0:45:00,225,222,84,27,72243012960,2003-01-19,29.98,-95.36,29.0,44.7,64.0,30.2,0.0,30.8,3.2,1028.3,999.9,9.9,57.94328224718892
2020120,Houston Marathon,2002-01-20,Houston,TX,4394,2899,1495,2:28:43,2:50:49,4:23:37,0:41:15,225,222,84,27,72243012960,2002-01-20,29.98,-95.36,29.0,43.7,68.0,33.1,0.06,38.8,4.6,1018.7,999.9,9.8,82.75153975032875
2010114,Houston Marathon,2001-01-14,Houston,TX,4015,2763,1252,2:29:27,2:43:40,4:22:32,0:37:56,225,222,84,27,72243012960,2001-01-14,29.98,-95.36,29.0,56.7,70.0,45.0,0.08,49.9,3.6,1018.0,999.9,4.8,77.94820695022949
2000116,Houston Marathon,2000-01-16,Houston,TX,4792,3107,1542,2:11:27,2:32:24,4:27:10,0:39:13,225,222,84,27,72243012960,2000-01-16,29.98,-95.36,29.0,63.0,79.0,39.0,0.0,56.2,5.7,1028.0,999.9,9.5,78.47253498933038
480211212,Honolulu Marathon,2021-12-12,Honololu,HI,6229,3651,2578,2:14:30,2:41:24,6:01:28,1:38:44,457,455,126,3,91182022521,2021-12-12,21.32402,-157.93946,1.9,76.9,82.9,72.0,0.0,65.5,12.2,1017.4,16.8,10.0,67.91539674733723
480191208,Honolulu Marathon,2019-12-08,Honololu,HI,18787,10344,8443,2:07:59,2:31:09,6:31:57,1:44:24,457,455,126,3,91182022521,2019-12-08,21.324,-157.9294,2.1,75.0,82.9,68.0,0.0,64.8,4.7,1014.0,13.5,10.0,70.60518500828422
480181209,Honolulu Marathon,2018-12-09,Honololu,HI,19606,10706,8900,2:09:01,2:47:53,6:22:07,1:35:13,457,455,126,3,91182022521,2018-12-09,21.324,-157.9294,2.1,74.7,81.0,71.1,0.05,60.3,10.8,1020.5,19.9,10.0,60.86903450588896
480171210,Honolulu Marathon,2017-12-10,Honololu,HI,20350,10839,9511,2:08:27,2:22:15,6:19:29,1:38:55,457,455,126,3,91182022521,2017-12-10,21.324,-157.9294,2.1,76.2,84.0,68.0,0.01,63.7,5.2,1015.1,14.7,10.0,65.27982777049651
480161211,Honolulu Marathon,2016-12-11,Honololu,HI,20222,10767,9455,2:09:37,2:31:10,6:26:33,1:43:01,457,455,126,3,91182022521,2016-12-11,21.324,-157.9294,2.1,72.8,79.0,69.1,0.0,67.1,4.9,1014.3,13.9,10.0,82.32861055361103
480151213,Honolulu Marathon,2015-12-13,Honololu,HI,21546,11339,10207,2:11:43,2:28:34,6:21:17,1:37:01,457,455,126,3,91182022521,2015-12-13,21.324,-157.9294,2.1,76.4,86.0,68.0,0.0,68.3,4.2,1016.1,15.6,10.0,76.06615541360303
480141214,Honolulu Marathon,2014-12-14,Honololu,HI,21824,11511,10313,2:15:35,2:30:23,6:04:40,1:33:53,457,455,126,3,91182022521,2014-12-14,21.324,-157.9294,2.1,74.3,82.4,69.1,0.0,64.6,9.5,1020.3,19.7,9.8,71.77539224984164
480131208,Honolulu Marathon,2013-12-08,Honololu,HI,22054,11769,10285,2:18:47,2:36:02,6:17:15,1:37:17,457,455,126,3,91182022521,2013-12-08,21.324,-157.9294,2.1,75.8,84.9,68.0,0.0,65.4,3.8,1014.6,14.1,10.0,70.1980219401957
480121209,Honolulu Marathon,2012-12-09,Honololu,HI,22109,11761,10348,2:12:31,2:31:23,5:53:25,1:19:11,457,455,126,3,91182022521,2012-12-09,21.324,-157.9294,2.1,76.4,82.9,71.1,0.0,66.1,8.8,1014.0,13.5,10.0,70.50463490059707
480111211,Honolulu Marathon,2011-12-11,Honololu,HI,19078,10082,8996,2:14:55,2:31:41,5:55:46,1:27:40,457,455,126,3,91182022521,2011-12-11,21.324,-157.9294,2.1,74.9,82.0,71.1,0.32,66.0,12.5,1016.1,15.8,9.6,73.86026136233585
480101212,Honolulu Marathon,2010-12-12,Honololu,HI,20169,10459,9710,2:15:18,2:32:13,6:01:40,1:31:15,457,455,126,3,91182022521,2010-12-12,21.324,-157.9294,2.1,73.6,79.0,66.9,0.52,65.3,4.4,1014.7,14.2,10.0,75.2949843799373
480091213,Honolulu Marathon,2009-12-13,Honololu,HI,20321,10392,9929,2:12:14,2:28:34,5:54:58,1:29:48,457,455,126,3,91182022521,2009-12-13,21.324,-157.9294,2.1,73.9,82.0,64.9,0.0,63.8,2.6,1014.7,14.2,10.0,70.73843106243449
480081214,Honolulu Marathon,2008-12-14,Honololu,HI,20058,10505,9553,2:14:35,2:32:33,5:58:22,1:32:05,457,455,126,3,91182022521,2008-12-14,21.324,-157.9294,2.1,72.7,79.0,69.1,2.0,68.9,6.5,1012.7,12.0,8.2,87.88250399464505
480071209,Honolulu Marathon,2007-12-09,Honololu,HI,20692,10731,9961,2:17:26,2:33:06,6:02:51,1:35:30,457,455,126,3,91182022521,2007-12-09,21.324,-157.9294,2.1,75.0,79.0,70.0,0.01,66.4,5.3,1014.7,14.2,10.0,74.64155150957474
480061210,Honolulu Marathon,2006-12-10,Honololu,HI,24573,12903,11670,2:13:42,2:27:19,5:54:15,1:29:57,457,455,126,3,91182022521,2006-12-10,21.324,-157.9294,2.1,75.4,84.0,68.0,0.0,59.6,8.7,1022.5,22.0,10.0,57.99943626525407
480051211,Honolulu Marathon,2005-12-11,Honololu,HI,24219,12763,11456,2:12:00,2:30:24,5:49:42,1:28:28,457,455,126,3,91182022521,2005-12-11,21.324,-157.9294,2.1,75.7,82.9,69.1,0.0,64.3,8.9,1016.0,15.5,10.0,67.78270402602728
480041212,Honolulu Marathon,2004-12-12,Honololu,HI,22314,11593,10721,2:11:12,2:27:33,5:45:09,1:26:56,457,455,126,3,91182022521,2004-12-12,21.324,-157.9294,2.1,72.7,80.1,64.9,0.0,58.1,5.3,1017.7,999.9,9.9,60.179123649170144
480031214,Honolulu Marathon,2003-12-14,Honololu,HI,22136,11614,10522,2:12:59,2:31:57,5:49:44,1:28:22,457,455,126,3,91182022521,2003-12-14,21.324,-157.9294,2.1,76.7,82.9,71.1,0.01,62.6,14.4,1018.5,17.9,10.0,61.7727417680336
480021208,Honolulu Marathon,2002-12-08,Honololu,HI,26382,14377,12005,2:12:29,2:29:08,5:50:20,1:30:03,457,455,126,3,91182022521,2002-12-08,21.324,-157.9294,2.1,73.4,81.0,69.1,0.0,56.6,10.9,1020.5,999.9,9.9,55.68779190367036
480011209,Honolulu Marathon,2001-12-09,Honololu,HI,19221,10633,8587,2:15:09,2:29:54,5:44:25,1:24:50,457,455,126,3,91182022521,2001-12-09,21.324,-157.9294,2.1,76.2,82.9,73.0,0.0,64.9,14.3,1017.0,999.9,9.9,68.07495825219446
480001210,Honolulu Marathon,2000-12-10,Honololu,HI,22632,13174,9458,2:15:19,2:28:33,5:51:18,1:30:23,457,455,126,3,91182022521,2000-12-10,21.324,-157.9294,2.1,74.9,82.9,66.9,0.0,65.6,5.6,1014.5,999.9,9.9,72.8416815304106
42210619,Grandma's Marathon,2021-06-19,Duluth,MN,2773,1518,1255,2:13:04,2:29:04,4:18:55,0:58:19,471,581,727,603,72745014913,2021-06-19,46.8436,-92.18658,433.4,61.4,82.0,51.1,0.04,50.7,5.4,1009.5,958.8,10.0,67.88333817682845
42190622,Grandma's Marathon,2019-06-22,Duluth,MN,6356,3405,2951,2:11:56,2:28:06,4:18:38,0:57:42,471,581,727,603,72745014913,2019-06-22,46.8369,-92.1833,436.8,61.0,73.9,48.9,0.0,44.1,10.7,1018.4,967.1,10.0,53.721489491180016
42180616,Grandma's Marathon,2018-06-16,Duluth,MN,6093,3326,2767,2:10:06,2:24:28,4:18:26,0:54:15,471,581,727,603,72745014913,2018-06-16,46.8369,-92.1833,436.8,60.7,75.0,53.1,0.58,57.1,7.6,1009.8,958.8,6.8,87.92174204142088
42170617,Grandma's Marathon,2017-06-17,Duluth,MN,6438,3506,2932,2:12:06,2:32:09,4:31:43,0:55:48,471,581,727,603,72745014913,2017-06-17,46.8369,-92.1833,436.8,66.2,79.0,55.0,0.0,55.5,5.5,1001.8,951.7,10.0,68.4241244127888
42160618,Grandma's Marathon,2016-06-18,Duluth,MN,7521,3780,3741,2:11:26,2:33:28,4:44:11,0:57:41,471,581,727,603,72745014913,2016-06-18,46.8369,-92.1833,436.8,70.3,84.0,52.0,0.0,62.0,3.9,1020.7,969.8,9.7,74.99551853429602
42150620,Grandma's Marathon,2015-06-20,Duluth,MN,6075,3436,2639,2:10:36,2:32:06,4:12:10,0:49:32,471,581,727,603,72745014913,2015-06-20,46.8369,-92.1833,436.8,62.1,73.0,42.1,0.01,54.8,6.5,1008.9,957.6,8.8,76.98645813667112
42140621,Grandma's Marathon,2014-06-21,Duluth,MN,6211,3498,2713,2:09:06,2:33:43,4:14:34,0:50:50,471,581,727,603,72745014913,2014-06-21,46.8369,-92.1833,436.8,54.8,69.1,48.0,0.19,50.4,7.7,1014.1,962.6,4.1,85.07075969697769
42130622,Grandma's Marathon,2013-06-22,Duluth,MN,5614,3271,2343,2:11:14,2:26:31,4:12:37,0:47:43,471,581,727,603,72745014913,2013-06-22,46.8369,-92.1833,436.8,58.3,69.1,53.1,0.22,55.0,9.0,1016.7,965.6,0.6,88.76767026588516
42120616,Grandma's Marathon,2012-06-16,Duluth,MN,5785,3423,2362,2:12:24,2:33:13,4:21:28,0:47:55,471,581,727,603,72745014913,2012-06-16,46.8369,-92.1833,436.8,64.4,77.0,57.9,0.0,57.8,5.2,1014.0,962.5,9.3,79.15357854080256
42110618,Grandma's Marathon,2011-06-18,Duluth,MN,6333,3655,2678,2:12:15,2:30:38,4:16:35,0:48:29,471,581,727,603,72745014913,2011-06-18,46.8369,-92.1833,436.8,56.4,64.0,48.9,0.52,50.9,9.7,1013.4,962.0,8.4,81.775891430756
42100619,Grandma's Marathon,2010-06-19,Duluth,MN,5613,3467,2146,2:15:44,2:31:35,4:26:04,0:48:28,471,581,727,603,72745014913,2010-06-19,46.8369,-92.1833,436.8,65.1,73.9,59.0,0.0,51.4,9.8,1008.8,958.5,10.0,61.18079569886433
42090620,Grandma's Marathon,2009-06-20,Duluth,MN,5890,3637,2253,2:15:13,2:36:52,4:40:11,0:49:39,471,581,727,603,72745014913,2009-06-20,46.8369,-92.1833,436.8,70.5,82.9,52.0,0.0,56.0,7.4,1006.3,955.9,10.0,60.10943691946014
42080621,Grandma's Marathon,2008-06-21,Duluth,MN,6856,4332,2524,2:13:41,2:38:52,4:29:59,0:47:13,471,581,727,603,72745014913,2008-06-21,46.8369,-92.1833,436.8,63.4,80.1,52.0,0.02,48.7,7.7,1014.4,963.5,9.8,58.72774928180591
42070616,Grandma's Marathon,2007-06-16,Duluth,MN,6898,4383,2515,2:15:54,2:35:40,4:26:06,0:45:23,471,581,727,603,72745014913,2007-06-16,46.8369,-92.1833,436.8,69.4,84.9,57.9,1.03,58.3,5.2,1015.3,964.6,8.7,67.79942052858696
42060617,Grandma's Marathon,2006-06-17,Duluth,MN,6909,4303,2606,2:14:30,2:33:39,4:30:25,0:47:39,471,581,727,603,72745014913,2006-06-17,46.8369,-92.1833,436.8,70.9,82.9,57.0,0.03,64.4,7.4,1007.0,956.6,7.7,79.93897708152423
42050618,Grandma's Marathon,2005-06-18,Duluth,MN,6885,4344,2541,2:13:18,2:28:43,4:19:05,0:44:45,471,581,727,603,72745014913,2005-06-18,46.8369,-92.1833,436.8,59.7,71.1,43.0,0.0,48.8,6.5,1016.9,965.7,10.0,67.18507838269878
42040619,Grandma's Marathon,2004-06-19,Duluth,MN,6750,4225,2525,2:17:59,2:35:08,4:21:15,0:44:54,471,581,727,603,72745014913,2004-06-19,46.8369,-92.1833,436.8,54.5,69.1,39.0,0.0,37.4,9.9,1026.6,999.9,9.9,52.348820024464224
42030621,Grandma's Marathon,2003-06-21,Duluth,MN,6868,4353,2515,2:11:22,2:27:05,4:16:24,0:43:43,471,581,727,603,72745014913,2003-06-21,46.8369,-92.1833,436.8,65.4,79.0,44.1,0.0,47.8,8.0,1014.8,964.8,9.9,52.95041333785314
42020622,Grandma's Marathon,2002-06-22,Duluth,MN,6836,4347,2489,2:10:57,2:32:21,4:08:59,0:42:34,471,581,727,603,72745014913,2002-06-22,46.8369,-92.1833,436.8,57.0,64.9,53.1,0.54,53.8,7.9,1022.3,999.9,7.6,89.03286270764916
42010616,Grandma's Marathon,2001-06-16,Duluth,MN,6699,4271,2428,2:14:25,2:35:13,4:21:06,0:44:58,471,581,727,603,72745014913,2001-06-16,46.8369,-92.1833,436.8,57.3,71.1,48.0,0.07,51.7,10.5,1012.5,961.8,8.8,81.53893695771967
42000617,Grandma's Marathon,2000-06-17,Duluth,MN,6066,3944,2122,2:14:31,2:33:53,4:11:51,0:40:47,471,581,727,603,72745014913,2000-06-17,46.8369,-92.1833,436.8,49.0,64.0,35.1,0.47,39.9,7.4,1017.8,999.9,9.9,70.70530166569982
67211010,Chicago Marathon,2021-10-10,Chicago,IL,26112,14228,11884,2:06:12,2:22:31,4:42:32,0:58:46,243,242,612,580,72530094846,2021-10-10,41.96017,-87.93164,204.8,73.0,80.1,64.0,0.01,63.9,8.7,1007.5,983.6,9.9,73.16698208393926
67191013,Chicago Marathon,2019-10-13,Chicago,IL,45956,24626,21330,2:05:45,2:14:04,4:29:51,1:00:21,243,242,612,580,72530094846,2019-10-13,41.96019,-87.93162,201.8,45.4,54.0,36.0,0.0,31.9,9.8,1010.2,985.7,10.0,58.98729877189519
67181007,Chicago Marathon,2018-10-07,Chicago,IL,44584,23934,20650,2:05:11,2:18:35,4:34:01,0:59:00,243,242,612,580,72530094846,2018-10-07,41.96019,-87.93162,201.8,57.9,70.0,57.0,0.04,53.4,10.2,1021.3,996.8,9.7,84.94371182261335
67171008,Chicago Marathon,2017-10-08,Chicago,IL,44508,22906,21602,2:09:20,2:18:31,4:47:23,1:01:29,243,242,612,580,72530094846,2017-10-08,41.96019,-87.93162,201.8,64.6,79.0,54.0,0.41,53.3,9.2,1006.8,982.6,10.0,66.76346941411843
67161009,Chicago Marathon,2016-10-09,Chicago,IL,40608,22045,18563,2:11:23,2:21:32,4:34:48,0:56:54,243,242,612,580,72530094846,2016-10-09,41.96019,-87.93162,201.8,55.9,64.9,39.9,0.0,45.7,6.6,1026.0,1.4,9.7,68.5353112830976
67151011,Chicago Marathon,2015-10-11,Chicago,IL,37182,20144,17038,2:09:25,2:23:33,4:33:14,0:52:37,243,242,612,580,72530094846,2015-10-11,41.96019,-87.93162,201.8,61.5,79.0,43.0,0.0,46.7,9.3,1010.9,986.3,10.0,58.24925441050247
67141012,Chicago Marathon,2014-10-12,Chicago,IL,40801,22299,18502,2:04:11,2:24:35,4:33:03,0:55:14,243,242,612,580,72530094846,2014-10-12,41.96019,-87.93162,201.8,49.4,63.0,36.0,0.0,36.9,6.4,1018.8,993.8,10.0,61.941816160795206
67131013,Chicago Marathon,2013-10-13,Chicago,IL,39122,21618,17504,2:03:45,2:19:57,4:32:23,0:52:43,243,242,612,580,72530094846,2013-10-13,41.96019,-87.93162,201.8,55.0,73.0,45.0,0.12,41.7,5.8,1024.7,0.3,10.0,60.772830936625134
67121007,Chicago Marathon,2012-10-07,Chicago,IL,37455,20688,16767,2:04:38,2:22:03,4:32:02,0:53:30,243,242,612,580,72530094846,2012-10-07,41.96019,-87.93162,201.8,44.5,51.1,35.1,0.0,25.9,7.4,1021.2,996.4,10.0,47.76640403174428
67111009,Chicago Marathon,2011-10-09,Chicago,IL,35670,20256,15414,2:05:37,2:18:20,4:40:34,0:53:25,243,242,612,580,72530094846,2011-10-09,41.96019,-87.93162,201.8,66.9,82.0,52.0,0.0,50.8,3.9,1026.1,1.7,10.0,56.21612220906725
67101010,Chicago Marathon,2010-10-10,Chicago,IL,36159,19973,16186,2:06:24,2:20:25,4:43:48,0:55:00,243,242,612,580,72530094846,2010-10-10,41.96019,-87.93162,201.8,69.0,86.0,55.0,0.0,51.4,4.1,1013.5,989.4,9.9,53.47167300298068
67091011,Chicago Marathon,2009-10-11,Chicago,IL,33475,18983,14492,2:05:41,2:25:56,4:27:20,0:50:56,243,242,612,580,72530094846,2009-10-11,41.96019,-87.93162,201.8,35.3,48.0,28.9,0.0,21.3,4.3,1027.8,2.5,10.0,56.33530062165947
67081012,Chicago Marathon,2008-10-12,Chicago,IL,31343,17675,13668,2:06:25,2:27:17,4:46:30,0:53:30,243,242,612,580,72530094846,2008-10-12,41.96019,-87.93162,201.8,68.8,84.0,51.1,0.0,56.6,3.8,1025.1,0.8,8.5,65.10024511366481
67071007,Chicago Marathon,2007-10-07,Chicago,IL,28815,16945,11870,2:11:11,2:33:49,4:52:11,0:45:33,243,242,612,580,72530094846,2007-10-07,41.96019,-87.93162,201.8,77.0,87.1,66.9,0.0,66.2,5.1,1017.1,993.2,9.9,69.35554872897104
67061022,Chicago Marathon,2006-10-22,Chicago,IL,33618,18904,14714,2:07:35,2:20:42,4:25:02,0:50:43,243,242,612,580,72530094846,2006-10-22,41.96019,-87.93162,201.8,42.1,57.9,37.0,0.35,37.0,9.6,1011.5,986.0,8.1,81.99071646492297
67051009,Chicago Marathon,2005-10-09,Chicago,IL,32995,18673,14322,2:07:02,2:21:25,4:26:22,0:48:50,243,242,612,580,72530094846,2005-10-09,41.96019,-87.93162,201.8,53.5,59.0,43.0,0.0,41.8,9.5,1018.6,994.0,10.0,64.43921228455424
67041010,Chicago Marathon,2004-10-10,Chicago,IL,33033,19073,13960,2:06:16,2:23:45,4:26:53,0:48:45,243,242,612,580,72530094846,2004-10-10,41.995,-87.9336,201.8,53.8,70.0,42.1,0.0,42.0,5.1,1024.2,999.9,9.9,64.22893671080006
67031012,Chicago Marathon,2003-10-12,Chicago,IL,32395,18720,13675,2:05:50,2:23:07,4:25:09,0:48:26,243,242,612,580,72530094846,2003-10-12,41.96019,-87.93162,201.8,60.2,73.9,46.4,0.03,47.2,10.3,1015.0,990.9,10.0,62.15684336014992
67021013,Chicago Marathon,2002-10-13,Chicago,IL,31093,18111,12982,2:05:56,2:17:18,4:19:51,0:47:03,243,242,612,580,72530094846,2002-10-13,41.96019,-87.93162,201.8,46.4,55.9,37.4,0.1,33.5,12.1,1026.2,999.9,9.8,60.56593722383371
67011007,Chicago Marathon,2001-10-07,Chicago,IL,28390,17129,11261,2:08:52,2:18:47,4:19:28,0:45:34,243,242,612,580,72530094846,2001-10-07,41.96019,-87.93162,201.8,39.7,52.0,28.9,0.0,26.1,3.7,1025.8,999.9,9.9,57.93754280029525
67001022,Chicago Marathon,2000-10-22,Chicago,IL,27870,16802,11068,2:07:01,2:21:33,4:21:46,0:48:52,243,242,612,580,72530094846,2000-10-22,41.96019,-87.93162,201.8,57.7,69.1,48.0,0.0,51.0,5.3,1026.7,999.9,7.5,78.32198924068496
18220424,Big Sur International Marathon,2022-04-24,Carmel,CA,3324,1639,1685,2:26:51,2:49:49,4:40:52,0:44:53,1654,1949,578,8,72491523259,2022-04-24,36.59041,-121.84881,48.8,55.3,62.1,48.0,0.0,46.8,4.6,1022.4,13.1,9.6,73.01581525953439
18190428,Big Sur International Marathon,2019-04-28,Carmel,CA,3483,1738,1745,2:25:21,2:48:39,4:35:45,0:45:12,1654,1949,578,8,72491523259,2019-04-28,36.5881,-121.8453,50.3,55.5,64.0,51.1,0.0,46.8,5.9,1014.3,4.9,9.3,72.48762533127551
18180429,Big Sur International Marathon,2018-04-29,Carmel,CA,3379,1664,1715,2:29:25,3:01:12,4:39:04,0:46:04,1654,1949,578,8,72491523259,2018-04-29,36.5881,-121.8453,50.3,56.3,64.9,48.9,0.0,48.1,7.0,1020.4,11.2,10.0,73.94344664029686
18170430,Big Sur International Marathon,2017-04-30,Carmel,CA,3304,1606,1698,2:30:29,3:01:39,4:40:07,0:45:06,1654,1949,578,8,72491523259,2017-04-30,36.5881,-121.8453,50.3,57.0,71.1,45.0,0.0,46.3,3.5,1021.6,12.3,9.2,67.3765007070931
18160424,Big Sur International Marathon,2016-04-24,Carmel,CA,3238,1582,1656,2:35:36,3:01:27,4:38:55,0:43:14,1654,1949,578,8,72491523259,2016-04-24,36.5881,-121.8453,50.3,56.5,63.0,48.0,0.0,48.9,7.9,1020.8,11.6,10.0,75.64127521309226
18150426,Big Sur International Marathon,2015-04-26,Carmel,CA,3422,1710,1712,2:30:48,2:57:02,4:41:00,0:47:54,1654,1949,578,8,72491523259,2015-04-26,36.5881,-121.8453,50.3,54.4,61.0,50.0,0.16,45.9,8.0,1021.4,12.0,10.0,72.92505541464207
18140427,Big Sur International Marathon,2014-04-27,Carmel,CA,3334,1692,1642,2:27:45,2:53:15,4:40:05,0:44:54,1654,1949,578,8,72491523259,2014-04-27,36.5881,-121.8453,50.3,55.7,63.0,51.1,0.0,44.8,6.0,1020.5,11.3,10.0,66.71552927013221
18130428,Big Sur International Marathon,2013-04-28,Carmel,CA,3121,1577,1544,2:27:46,2:50:02,4:34:13,0:44:51,1654,1949,578,8,72491523259,2013-04-28,36.5881,-121.8453,50.3,51.1,59.0,46.4,0.0,47.2,4.6,1019.6,10.8,7.5,86.4593338511078
18120429,Big Sur International Marathon,2012-04-29,Carmel,CA,3364,1786,1578,2:32:25,2:50:08,4:35:16,0:42:53,1654,1949,578,8,72491523259,2012-04-29,36.5881,-121.8453,50.3,55.0,60.1,51.1,0.0,49.0,5.4,1014.9,5.8,8.0,80.16644518737577
18110501,Big Sur International Marathon,2011-05-01,Carmel,CA,3218,1670,1548,2:31:54,3:05:05,4:32:59,0:46:21,1654,1949,578,8,72491523259,2011-05-01,36.5881,-121.8453,50.3,54.9,71.1,39.9,0.0,36.9,2.6,1022.5,13.3,10.0,50.58659713977276
18100425,Big Sur International Marathon,2010-04-25,Carmel,CA,3442,1942,1500,2:26:09,2:55:18,4:36:08,0:42:48,1654,1949,578,8,72491523259,2010-04-25,36.5881,-121.8453,50.3,54.7,66.9,45.0,0.0,45.5,4.2,1021.3,12.1,9.5,71.04760918123043
18090426,Big Sur International Marathon,2009-04-26,Carmel,CA,3058,1827,1231,2:32:17,2:56:06,4:33:50,0:41:49,1654,1949,578,8,72491523259,2009-04-26,36.5881,-121.8453,50.3,51.5,55.9,48.9,0.0,40.5,7.8,1022.5,13.2,9.7,65.95655310911515
18080427,Big Sur International Marathon,2008-04-27,Carmel,CA,3191,1871,1320,2:29:50,3:00:53,4:33:58,0:40:54,1654,1949,578,8,72491523259,2008-04-27,36.5881,-121.8453,50.3,60.4,75.9,51.1,0.0,46.1,3.3,1020.2,11.0,9.9,59.20825373370623
18070429,Big Sur International Marathon,2007-04-29,Carmel,CA,3092,1863,1229,2:25:49,3:02:09,4:25:51,0:40:15,1654,1949,578,8,72491523259,2007-04-29,36.5881,-121.8453,50.3,52.4,60.1,48.2,0.0,47.7,3.5,1018.0,8.6,6.7,83.97503753629486
18060430,Big Sur International Marathon,2006-04-30,Carmel,CA,2947,1824,1123,2:21:43,2:59:20,4:29:00,0:40:24,1654,1949,578,8,72491523259,2006-04-30,36.5881,-121.8453,50.3,53.6,63.0,50.0,0.0,50.4,4.3,1017.9,8.6,7.7,88.87868961503546
18050424,Big Sur International Marathon,2005-04-24,Carmel,CA,2871,1806,1065,2:23:35,2:46:53,4:25:48,0:36:41,1654,1949,578,8,72491599999,2005-04-24,36.583,-121.833,80.0,54.5,63.0,46.9,0.07,46.3,5.7,1015.9,999.9,10.0,73.76702503939431
18040425,Big Sur International Marathon,2004-04-25,Carmel,CA,2858,1815,1043,2:26:19,3:10:06,4:25:10,0:36:40,1654,1949,578,8,72491599999,2004-04-25,36.583,-121.833,80.0,62.5,80.6,50.0,0.0,48.0,2.3,1016.7,999.9,10.0,59.04691186593264
18030427,Big Sur International Marathon,2003-04-27,Carmel,CA,2820,1755,1065,2:19:59,2:47:11,4:28:24,0:38:49,1654,1949,578,8,72491599999,2003-04-27,36.583,-121.833,80.0,54.2,63.0,44.1,0.0,41.1,7.1,1016.9,999.9,10.0,61.137047551969616
18020428,Big Sur International Marathon,2002-04-28,Carmel,CA,2343,1492,851,2:18:05,2:51:10,4:22:59,0:36:51,1654,1949,578,8,72491599999,2002-04-28,36.583,-121.833,80.0,49.8,60.1,41.0,0.08,41.1,5.9,1021.1,999.9,10.0,71.89661933033477
18010429,Big Sur International Marathon,2001-04-29,Carmel,CA,2560,1548,1012,2:25:38,2:46:41,4:29:27,0:37:28,1654,1949,578,8,72491599999,2001-04-29,36.583,-121.833,80.0,52.8,60.8,46.4,0.0,44.8,5.8,1021.2,999.9,10.0,74.16104997272342
18000430,Big Sur International Marathon,2000-04-30,Carmel,CA,2407,1535,872,2:27:06,2:46:53,4:21:22,0:35:45,1654,1949,578,8,72491599999,2000-04-30,36.583,-121.833,80.0,53.6,63.0,42.1,0.0,45.7,5.4,1022.0,999.9,10.0,74.5207765815733
15220418,Boston Marathon,2022-04-18,Boston,MA,24607,14065,10542,2:06:51,2:21:01,3:45:09,0:43:49,815,1275,470,10,72509014739,2022-04-18,42.36057,-71.00975,3.2,45.0,50.0,39.0,0.0,27.1,10.6,1026.2,25.2,10.0,49.24895624572843
15211011,Boston Marathon,2021-10-11,Boston,MA,15374,7941,7433,2:09:51,2:24:45,3:53:59,0:47:55,815,1275,470,10,72509014739,2021-10-11,42.36057,-71.00975,3.2,64.4,69.1,61.0,0.0,58.4,8.7,1021.0,20.0,10.0,80.87604206816555
15190415,Boston Marathon,2019-04-15,Boston,MA,26632,14662,11970,2:07:57,2:23:31,3:53:01,0:44:59,815,1275,470,10,72509014739,2019-04-15,42.3606,-71.0097,3.7,55.9,70.0,48.0,0.61,50.1,9.6,995.7,995.0,6.2,80.83464980364904
15180416,Boston Marathon,2018-04-16,Boston,MA,25746,14142,11604,2:15:58,2:39:54,3:57:09,0:46:35,815,1275,470,10,72509014739,2018-04-16,42.3606,-71.0097,3.7,39.5,53.1,33.1,0.15,38.2,20.7,1023.3,19.2,3.0,95.04949406164071
15170417,Boston Marathon,2017-04-17,Boston,MA,26411,14438,11973,2:09:37,2:21:52,3:58:03,0:42:08,815,1275,470,10,72509014739,2017-04-17,42.3606,-71.0097,3.7,69.7,86.0,57.0,0.0,47.1,12.8,1008.8,7.8,10.0,44.47217538684025
15160418,Boston Marathon,2016-04-18,Boston,MA,26639,14471,12168,2:12:45,2:29:19,3:55:03,0:41:02,815,1275,470,10,72509014739,2016-04-18,42.3606,-71.0097,3.7,51.5,66.9,39.0,0.0,33.4,7.6,1023.1,22.1,10.0,49.86385371526945
15150420,Boston Marathon,2015-04-20,Boston,MA,26610,14588,12022,2:09:17,2:24:55,3:46:28,0:40:31,815,1275,470,10,72509014739,2015-04-20,42.3606,-71.0097,3.7,43.1,50.0,41.0,0.0,38.9,10.5,1021.4,19.7,8.0,85.00490163214927
15140421,Boston Marathon,2014-04-21,Boston,MA,31805,17523,14282,2:08:37,2:18:57,4:02:30,0:50:52,815,1275,470,10,72509014739,2014-04-21,42.3606,-71.0097,3.7,48.7,69.1,36.0,0.0,31.3,7.3,1022.1,21.2,10.0,50.84837801738451
15130415,Boston Marathon,2013-04-15,Boston,MA,17580,10638,6942,2:10:22,2:26:25,3:29:52,0:23:07,815,1275,470,10,72509014739,2013-04-15,42.3606,-71.0097,3.7,44.9,55.0,37.9,0.0,30.5,9.2,1026.0,25.0,10.0,56.80913567286752
15120416,Boston Marathon,2012-04-16,Boston,MA,21554,12588,8966,2:12:40,2:31:50,4:18:27,0:48:43,815,1275,470,10,72509014739,2012-04-16,42.3606,-71.0097,3.7,70.9,87.1,54.0,0.0,54.8,7.6,1014.4,13.4,10.0,56.769731035770846
15110418,Boston Marathon,2011-04-18,Boston,MA,23879,13806,10073,2:03:02,2:22:36,3:49:54,0:37:56,815,1275,470,10,72509014739,2011-04-18,42.3606,-71.0097,3.7,52.4,63.0,44.1,0.01,27.7,14.0,1010.6,9.7,10.0,38.28077018633621
15100419,Boston Marathon,2010-04-19,Boston,MA,22540,13072,9468,2:05:52,2:26:11,3:50:25,0:37:03,815,1275,470,10,72509014739,2010-04-19,42.3606,-71.0097,3.7,49.0,61.0,39.9,0.08,34.8,9.9,1010.6,9.6,10.0,57.85723120931088
15090420,Boston Marathon,2009-04-20,Boston,MA,22849,13547,9302,2:08:42,2:32:16,3:49:34,0:37:14,815,1275,470,10,72509014739,2009-04-20,42.3606,-71.0097,3.7,43.6,51.1,37.9,0.04,37.5,8.7,1024.5,23.5,9.7,78.94349579627148
15080421,Boston Marathon,2008-04-21,Boston,MA,21963,13028,8935,2:07:46,2:25:25,3:51:40,0:38:02,815,1275,470,10,72509014739,2008-04-21,42.3606,-71.0097,3.7,47.8,55.0,44.1,0.0,42.5,6.8,1027.7,26.7,10.0,81.77043390790368
15070416,Boston Marathon,2007-04-16,Boston,MA,20348,12373,7975,2:14:13,2:29:18,3:54:33,0:38:47,815,1275,470,10,72509014739,2007-04-16,42.3606,-71.0097,3.7,45.1,48.0,39.0,2.24,42.2,23.3,989.7,987.5,4.8,89.5068988890369
15060417,Boston Marathon,2006-04-17,Boston,MA,19688,12063,7625,2:07:14,2:23:38,3:50:03,0:36:14,815,1275,470,10,72509014739,2006-04-17,42.3606,-71.0097,3.7,47.8,59.0,43.0,0.0,34.2,9.5,1007.5,6.6,10.0,59.08604195646351
15050418,Boston Marathon,2005-04-18,Boston,MA,17549,10894,6655,2:11:45,2:25:13,3:57:41,0:36:53,815,1275,470,10,72509014739,2005-04-18,42.3606,-71.0097,3.7,59.4,66.0,55.9,0.0,28.9,8.2,1016.8,15.8,10.0,31.204140638945432
15040419,Boston Marathon,2004-04-19,Boston,MA,16743,10504,6239,2:10:37,2:24:27,4:13:02,0:39:24,815,1275,470,10,72509014739,2004-04-19,42.3606,-71.0097,3.7,61.1,86.0,44.1,0.0,44.4,11.4,1018.4,999.9,8.8,54.1472615169035
15030421,Boston Marathon,2003-04-21,Boston,MA,17046,10737,6309,2:10:11,2:25:20,3:55:19,0:36:47,815,1275,470,10,72509014739,2003-04-21,42.3606,-71.0097,3.7,45.7,54.0,36.0,0.0,37.0,7.7,1018.9,999.9,9.9,71.46057283951505
15020415,Boston Marathon,2002-04-15,Boston,MA,14400,9149,5251,2:09:02,2:20:43,3:43:01,0:34:23,815,1275,470,10,72509014739,2002-04-15,42.3606,-71.0097,3.7,51.2,57.0,46.4,0.09,49.2,8.3,1015.9,999.9,4.2,92.84220398332648
15010416,Boston Marathon,2001-04-16,Boston,MA,13395,8586,4809,2:09:43,2:23:53,3:46:44,0:36:36,815,1275,470,10,72509014739,2001-04-16,42.3606,-71.0097,3.7,43.3,60.1,37.9,0.0,35.9,8.2,1007.4,999.9,9.9,74.97177916043597
15000417,Boston Marathon,2000-04-17,Boston,MA,15680,10207,5473,2:09:47,2:26:11,3:41:39,0:34:26,815,1275,470,10,72509014739,2000-04-17,42.3606,-71.0097,3.7,44.3,48.9,39.2,0.02,33.0,10.2,1022.4,999.9,9.9,64.28796118963292
