Date,City,State,STATION,DATE,LATITUDE,LONGITUDE,ELEVATION,TEMP,MAX,MIN,PRCP,DEWP,WDSP,SLP,STP,VISIB,RELHUM
2000-04-17,Boston,MA,72509014739,2000-04-17,42.3606,-71.0097,3.7,44.3,48.9,39.2,0.02,33.0,10.2,1022.4,999.9,9.9,64.28796118963292
2001-04-16,Boston,MA,72509014739,2001-04-16,42.3606,-71.0097,3.7,43.3,60.1,37.9,0.0,35.9,8.2,1007.4,999.9,9.9,74.97177916043597
2002-04-15,Boston,MA,72509014739,2002-04-15,42.3606,-71.0097,3.7,51.2,57.0,46.4,0.09,49.2,8.3,1015.9,999.9,4.2,92.84220398332647
2003-04-21,Boston,MA,72509014739,2003-04-21,42.3606,-71.0097,3.7,45.7,54.0,36.0,0.0,37.0,7.7,1018.9,999.9,9.9,71.46057283951505
2004-04-19,Boston,MA,72509014739,2004-04-19,42.3606,-71.0097,3.7,61.1,86.0,44.1,0.0,44.4,11.4,1018.4,999.9,8.8,54.1472615169035
2005-04-18,Boston,MA,72509014739,2005-04-18,42.3606,-71.0097,3.7,59.4,66.0,55.9,0.0,28.9,8.2,1016.8,15.8,10.0,31.204140638945432
2006-04-17,Boston,MA,72509014739,2006-04-17,42.3606,-71.0097,3.7,47.8,59.0,43.0,0.0,34.2,9.5,1007.5,6.6,10.0,59.08604195646351
2007-04-16,Boston,MA,72509014739,2007-04-16,42.3606,-71.0097,3.7,45.1,48.0,39.0,2.24,42.2,23.3,989.7,987.5,4.8,89.5068988890369
2008-04-21,Boston,MA,72509014739,2008-04-21,42.3606,-71.0097,3.7,47.8,55.0,44.1,0.0,42.5,6.8,1027.7,26.7,10.0,81.77043390790368
2009-04-20,Boston,MA,72509014739,2009-04-20,42.3606,-71.0097,3.7,43.6,51.1,37.9,0.04,37.5,8.7,1024.5,23.5,9.7,78.94349579627148
2010-04-19,Boston,MA,72509014739,2010-04-19,42.3606,-71.0097,3.7,49.0,61.0,39.9,0.08,34.8,9.9,1010.6,9.6,10.0,57.857231209310875
2011-04-18,Boston,MA,72509014739,2011-04-18,42.3606,-71.0097,3.7,52.4,63.0,44.1,0.01,27.7,14.0,1010.6,9.7,10.0,38.28077018633621
2012-04-16,Boston,MA,72509014739,2012-04-16,42.3606,-71.0097,3.7,70.9,87.1,54.0,0.0,54.8,7.6,1014.4,13.4,10.0,56.769731035770846
2013-04-15,Boston,MA,72509014739,2013-04-15,42.3606,-71.0097,3.7,44.9,55.0,37.9,0.0,30.5,9.2,1026.0,25.0,10.0,56.80913567286752
2014-04-21,Boston,MA,72509014739,2014-04-21,42.3606,-71.0097,3.7,48.7,69.1,36.0,0.0,31.3,7.3,1022.1,21.2,10.0,50.84837801738451
2015-04-20,Boston,MA,72509014739,2015-04-20,42.3606,-71.0097,3.7,43.1,50.0,41.0,0.0,38.9,10.5,1021.4,19.7,8.0,85.00490163214927
2016-04-18,Boston,MA,72509014739,2016-04-18,42.3606,-71.0097,3.7,51.5,66.9,39.0,0.0,33.4,7.6,1023.1,22.1,10.0,49.86385371526945
2017-04-17,Boston,MA,72509014739,2017-04-17,42.3606,-71.0097,3.7,69.7,86.0,57.0,0.0,47.1,12.8,1008.8,7.8,10.0,44.47217538684025
2018-04-16,Boston,MA,72509014739,2018-04-16,42.3606,-71.0097,3.7,39.5,53.1,33.1,0.15,38.2,20.7,1023.3,19.2,3.0,95.04949406164071
2019-04-15,Boston,MA,72509014739,2019-04-15,42.3606,-71.0097,3.7,55.9,70.0,48.0,0.61,50.1,9.6,995.7,995.0,6.2,80.83464980364904
2021-10-11,Boston,MA,72509014739,2021-10-11,42.36057,-71.00975,3.2,64.4,69.1,61.0,0.0,58.4,8.7,1021.0,20.0,10.0,80.87604206816555
2022-04-18,Boston,MA,72509014739,2022-04-18,42.36057,-71.00975,3.2,45.0,50.0,39.0,0.0,27.1,10.6,1026.2,25.2,10.0,49.24895624572843
2000-04-30,Carmel,CA,72491599999,2000-04-30,36.583,-121.833,80.0,53.6,63.0,42.1,0.0,45.7,5.4,1022.0,999.9,10.0,74.5207765815733
2001-04-29,Carmel,CA,72491599999,2001-04-29,36.583,-121.833,80.0,52.8,60.8,46.4,0.0,44.8,5.8,1021.2,999.9,10.0,74.16104997272342
2002-04-28,Carmel,CA,72491599999,2002-04-28,36.583,-121.833,80.0,49.8,60.1,41.0,0.08,41.1,5.9,1021.1,999.9,10.0,71.89661933033477
2003-04-27,Carmel,CA,72491599999,2003-04-27,36.583,-121.833,80.0,54.2,63.0,44.1,0.0,41.1,7.1,1016.9,999.9,10.0,61.137047551969616
2004-04-25,Carmel,CA,72491599999,2004-04-25,36.583,-121.833,80.0,62.5,80.6,50.0,0.0,48.0,2.3,1016.7,999.9,10.0,59.046911865932636
2005-04-24,Carmel,CA,72491599999,2005-04-24,36.583,-121.833,80.0,54.5,63.0,46.9,0.07,46.3,5.7,1015.9,999.9,10.0,73.76702503939431
2006-04-30,Carmel,CA,72491523259,2006-04-30,36.5881,-121.8453,50.3,53.6,63.0,50.0,0.0,50.4,4.3,1017.9,8.6,7.7,88.87868961503546
2007-04-29,Carmel,CA,72491523259,2007-04-29,36.5881,-121.8453,50.3,52.4,60.1,48.2,0.0,47.7,3.5,1018.0,8.6,6.7,83.97503753629486
2008-04-27,Carmel,CA,72491523259,2008-04-27,36.5881,-121.8453,50.3,60.4,75.9,51.1,0.0,46.1,3.3,1020.2,11.0,9.9,59.20825373370623
2009-04-26,Carmel,CA,72491523259,2009-04-26,36.5881,-121.8453,50.3,51.5,55.9,48.9,0.0,40.5,7.8,1022.5,13.2,9.7,65.95655310911515
2010-04-25,Carmel,CA,72491523259,2010-04-25,36.5881,-121.8453,50.3,54.7,66.9,45.0,0.0,45.5,4.2,1021.3,12.1,9.5,71.04760918123043
2011-05-01,Carmel,CA,72491523259,2011-05-01,36.5881,-121.8453,50.3,54.9,71.1,39.9,0.0,36.9,2.6,1022.5,13.3,10.0,50.58659713977276
2012-04-29,Carmel,CA,72491523259,2012-04-29,36.5881,-121.8453,50.3,55.0,60.1,51.1,0.0,49.0,5.4,1014.9,5.8,8.0,80.16644518737577
2013-04-28,Carmel,CA,72491523259,2013-04-28,36.5881,-121.8453,50.3,51.1,59.0,46.4,0.0,47.2,4.6,1019.6,10.8,7.5,86.4593338511078
2014-04-27,Carmel,CA,72491523259,2014-04-27,36.5881,-121.8453,50.3,55.7,63.0,51.1,0.0,44.8,6.0,1020.5,11.3,10.0,66.71552927013221
2015-04-26,Carmel,CA,72491523259,2015-04-26,36.5881,-121.8453,50.3,54.4,61.0,50.0,0.16,45.9,8.0,1021.4,12.0,10.0,72.92505541464207
2016-04-24,Carmel,CA,72491523259,2016-04-24,36.5881,-121.8453,50.3,56.5,63.0,48.0,0.0,48.9,7.9,1020.8,11.6,10.0,75.64127521309226
2017-04-30,Carmel,CA,72491523259,2017-04-30,36.5881,-121.8453,50.3,57.0,71.1,45.0,0.0,46.3,3.5,1021.6,12.3,9.2,67.3765007070931
2018-04-29,Carmel,CA,72491523259,2018-04-29,36.5881,-121.8453,50.3,56.3,64.9,48.9,0.0,48.1,7.0,1020.4,11.2,10.0,73.94344664029686
2019-04-28,Carmel,CA,72491523259,2019-04-28,36.5881,-121.8453,50.3,55.5,64.0,51.1,0.0,46.8,5.9,1014.3,4.9,9.3,72.48762533127551
2022-04-24,Carmel,CA,72491523259,2022-04-24,36.59041,-121.84881,48.8,55.3,62.1,48.0,0.0,46.8,4.6,1022.4,13.1,9.6,73.01581525953439
2000-10-22,Chicago,IL,72530094846,2000-10-22,41.96019,-87.93162,201.8,57.7,69.1,48.0,0.0,51.0,5.3,1026.7,999.9,7.5,78.32198924068496
2001-10-07,Chicago,IL,72530094846,2001-10-07,41.96019,-87.93162,201.8,39.7,52.0,28.9,0.0,26.1,3.7,1025.8,999.9,9.9,57.93754280029525
2002-10-13,Chicago,IL,72530094846,2002-10-13,41.96019,-87.93162,201.8,46.4,55.9,37.4,0.1,33.5,12.1,1026.2,999.9,9.8,60.56593722383371
2003-10-12,Chicago,IL,72530094846,2003-10-12,41.96019,-87.93162,201.8,60.2,73.9,46.4,0.03,47.2,10.3,1015.0,990.9,10.0,62.156843360149914
2004-10-10,Chicago,IL,72530094846,2004-10-10,41.995,-87.9336,201.8,53.8,70.0,42.1,0.0,42.0,5.1,1024.2,999.9,9.9,64.22893671080006
2005-10-09,Chicago,IL,72530094846,2005-10-09,41.96019,-87.93162,201.8,53.5,59.0,43.0,0.0,41.8,9.5,1018.6,994.0,10.0,64.43921228455424
2006-10-22,Chicago,IL,72530094846,2006-10-22,41.96019,-87.93162,201.8,42.1,57.9,37.0,0.35,37.0,9.6,1011.5,986.0,8.1,81.99071646492297
2007-10-07,Chicago,IL,72530094846,2007-10-07,41.96019,-87.93162,201.8,77.0,87.1,66.9,0.0,66.2,5.1,1017.1,993.2,9.9,69.35554872897104
2008-10-12,Chicago,IL,72530094846,2008-10-12,41.96019,-87.93162,201.8,68.8,84.0,51.1,0.0,56.6,3.8,1025.1,0.8,8.5,65.10024511366481
2009-10-11,Chicago,IL,72530094846,2009-10-11,41.96019,-87.93162,201.8,35.3,48.0,28.9,0.0,21.3,4.3,1027.8,2.5,10.0,56.33530062165947
2010-10-10,Chicago,IL,72530094846,2010-10-10,41.96019,-87.93162,201.8,69.0,86.0,55.0,0.0,51.4,4.1,1013.5,989.4,9.9,53.47167300298068
2011-10-09,Chicago,IL,72530094846,2011-10-09,41.96019,-87.93162,201.8,66.9,82.0,52.0,0.0,50.8,3.9,1026.1,1.7,10.0,56.21612220906725
2012-10-07,Chicago,IL,72530094846,2012-10-07,41.96019,-87.93162,201.8,44.5,51.1,35.1,0.0,25.9,7.4,1021.2,996.4,10.0,47.76640403174428
2013-10-13,Chicago,IL,72530094846,2013-10-13,41.96019,-87.93162,201.8,55.0,73.0,45.0,0.12,41.7,5.8,1024.7,0.3,10.0,60.772830936625134
2014-10-12,Chicago,IL,72530094846,2014-10-12,41.96019,-87.93162,201.8,49.4,63.0,36.0,0.0,36.9,6.4,1018.8,993.8,10.0,61.941816160795206
2015-10-11,Chicago,IL,72530094846,2015-10-11,41.96019,-87.93162,201.8,61.5,79.0,43.0,0.0,46.7,9.3,1010.9,986.3,10.0,58.24925441050247
2016-10-09,Chicago,IL,72530094846,2016-10-09,41.96019,-87.93162,201.8,55.9,64.9,39.9,0.0,45.7,6.6,1026.0,1.4,9.7,68.5353112830976
2017-10-08,Chicago,IL,72530094846,2017-10-08,41.96019,-87.93162,201.8,64.6,79.0,54.0,0.41,53.3,9.2,1006.8,982.6,10.0,66.76346941411843
2018-10-07,Chicago,IL,72530094846,2018-10-07,41.96019,-87.93162,201.8,57.9,70.0,57.0,0.04,53.4,10.2,1021.3,996.8,9.7,84.94371182261335
2019-10-13,Chicago,IL,72530094846,2019-10-13,41.96019,-87.93162,201.8,45.4,54.0,36.0,0.0,31.9,9.8,1010.2,985.7,10.0,58.98729877189519
2021-10-10,Chicago,IL,72530094846,2021-10-10,41.96017,-87.93164,204.8,73.0,80.1,64.0,0.01,63.9,8.7,1007.5,983.6,9.9,73.16698208393926
2000-06-17,Duluth,MN,72745014913,2000-06-17,46.8369,-92.1833,436.8,49.0,64.0,35.1,0.47,39.9,7.4,1017.8,999.9,9.9,70.70530166569982
2001-06-16,Duluth,MN,72745014913,2001-06-16,46.8369,-92.1833,436.8,57.3,71.1,48.0,0.07,51.7,10.5,1012.5,961.8,8.8,81.53893695771967
2002-06-22,Duluth,MN,72745014913,2002-06-22,46.8369,-92.1833,436.8,57.0,64.9,53.1,0.54,53.8,7.9,1022.3,999.9,7.6,89.03286270764916
2003-06-21,Duluth,MN,72745014913,2003-06-21,46.8369,-92.1833,436.8,65.4,79.0,44.1,0.0,47.8,8.0,1014.8,964.8,9.9,52.95041333785314
2004-06-19,Duluth,MN,72745014913,2004-06-19,46.8369,-92.1833,436.8,54.5,69.1,39.0,0.0,37.4,9.9,1026.6,999.9,9.9,52.348820024464224
2005-06-18,Duluth,MN,72745014913,2005-06-18,46.8369,-92.1833,436.8,59.7,71.1,43.0,0.0,48.8,6.5,1016.9,965.7,10.0,67.18507838269878
2006-06-17,Duluth,MN,72745014913,2006-06-17,46.8369,-92.1833,436.8,70.9,82.9,57.0,0.03,64.4,7.4,1007.0,956.6,7.7,79.93897708152423
2007-06-16,Duluth,MN,72745014913,2007-06-16,46.8369,-92.1833,436.8,69.4,84.9,57.9,1.03,58.3,5.2,1015.3,964.6,8.7,67.79942052858696
2008-06-21,Duluth,MN,72745014913,2008-06-21,46.8369,-92.1833,436.8,63.4,80.1,52.0,0.02,48.7,7.7,1014.4,963.5,9.8,58.727749281805906
2009-06-20,Duluth,MN,72745014913,2009-06-20,46.8369,-92.1833,436.8,70.5,82.9,52.0,0.0,56.0,7.4,1006.3,955.9,10.0,60.10943691946014
2010-06-19,Duluth,MN,72745014913,2010-06-19,46.8369,-92.1833,436.8,65.1,73.9,59.0,0.0,51.4,9.8,1008.8,958.5,10.0,61.18079569886433
2011-06-18,Duluth,MN,72745014913,2011-06-18,46.8369,-92.1833,436.8,56.4,64.0,48.9,0.52,50.9,9.7,1013.4,962.0,8.4,81.775891430756
2012-06-16,Duluth,MN,72745014913,2012-06-16,46.8369,-92.1833,436.8,64.4,77.0,57.9,0.0,57.8,5.2,1014.0,962.5,9.3,79.15357854080256
2013-06-22,Duluth,MN,72745014913,2013-06-22,46.8369,-92.1833,436.8,58.3,69.1,53.1,0.22,55.0,9.0,1016.7,965.6,0.6,88.76767026588516
2014-06-21,Duluth,MN,72745014913,2014-06-21,46.8369,-92.1833,436.8,54.8,69.1,48.0,0.19,50.4,7.7,1014.1,962.6,4.1,85.07075969697769
2015-06-20,Duluth,MN,72745014913,2015-06-20,46.8369,-92.1833,436.8,62.1,73.0,42.1,0.01,54.8,6.5,1008.9,957.6,8.8,76.98645813667112
2016-06-18,Duluth,MN,72745014913,2016-06-18,46.8369,-92.1833,436.8,70.3,84.0,52.0,0.0,62.0,3.9,1020.7,969.8,9.7,74.99551853429602
2017-06-17,Duluth,MN,72745014913,2017-06-17,46.8369,-92.1833,436.8,66.2,79.0,55.0,0.0,55.5,5.5,1001.8,951.7,10.0,68.4241244127888
2018-06-16,Duluth,MN,72745014913,2018-06-16,46.8369,-92.1833,436.8,60.7,75.0,53.1,0.58,57.1,7.6,1009.8,958.8,6.8,87.92174204142088
2019-06-22,Duluth,MN,72745014913,2019-06-22,46.8369,-92.1833,436.8,61.0,73.9,48.9,0.0,44.1,10.7,1018.4,967.1,10.0,53.721489491180016
2021-06-19,Duluth,MN,72745014913,2021-06-19,46.8436,-92.18658,433.4,61.4,82.0,51.1,0.04,50.7,5.4,1009.5,958.8,10.0,67.88333817682845
2000-12-10,Honololu,HI,91182022521,2000-12-10,21.324,-157.9294,2.1,74.9,82.9,66.9,0.0,65.6,5.6,1014.5,999.9,9.9,72.8416815304106
2001-12-09,Honololu,HI,91182022521,2001-12-09,21.324,-157.9294,2.1,76.2,82.9,73.0,0.0,64.9,14.3,1017.0,999.9,9.9,68.07495825219446
2002-12-08,Honololu,HI,91182022521,2002-12-08,21.324,-157.9294,2.1,73.4,81.0,69.1,0.0,56.6,10.9,1020.5,999.9,9.9,55.68779190367036
2003-12-14,Honololu,HI,91182022521,2003-12-14,21.324,-157.9294,2.1,76.7,82.9,71.1,0.01,62.6,14.4,1018.5,17.9,10.0,61.7727417680336
2004-12-12,Honololu,HI,91182022521,2004-12-12,21.324,-157.9294,2.1,72.7,80.1,64.9,0.0,58.1,5.3,1017.7,999.9,9.9,60.179123649170144
2005-12-11,Honololu,HI,91182022521,2005-12-11,21.324,-157.9294,2.1,75.7,82.9,69.1,0.0,64.3,8.9,1016.0,15.5,10.0,67.78270402602728
2006-12-10,Honololu,HI,91182022521,2006-12-10,21.324,-157.9294,2.1,75.4,84.0,68.0,0.0,59.6,8.7,1022.5,22.0,10.0,57.99943626525407
2007-12-09,Honololu,HI,91182022521,2007-12-09,21.324,-157.9294,2.1,75.0,79.0,70.0,0.01,66.4,5.3,1014.7,14.2,10.0,74.64155150957474
2008-12-14,Honololu,HI,91182022521,2008-12-14,21.324,-157.9294,2.1,72.7,79.0,69.1,2.0,68.9,6.5,1012.7,12.0,8.2,87.88250399464505
2009-12-13,Honololu,HI,91182022521,2009-12-13,21.324,-157.9294,2.1,73.9,82.0,64.9,0.0,63.8,2.6,1014.7,14.2,10.0,70.73843106243449
2010-12-12,Honololu,HI,91182022521,2010-12-12,21.324,-157.9294,2.1,73.6,79.0,66.9,0.52,65.3,4.4,1014.7,14.2,10.0,75.2949843799373
2011-12-11,Honololu,HI,91182022521,2011-12-11,21.324,-157.9294,2.1,74.9,82.0,71.1,0.32,66.0,12.5,1016.1,15.8,9.6,73.86026136233585
2012-12-09,Honololu,HI,91182022521,2012-12-09,21.324,-157.9294,2.1,76.4,82.9,71.1,0.0,66.1,8.8,1014.0,13.5,10.0,70.50463490059707
2013-12-08,Honololu,HI,91182022521,2013-12-08,21.324,-157.9294,2.1,75.8,84.9,68.0,0.0,65.4,3.8,1014.6,14.1,10.0,70.1980219401957
2014-12-14,Honololu,HI,91182022521,2014-12-14,21.324,-157.9294,2.1,74.3,82.4,69.1,0.0,64.6,9.5,1020.3,19.7,9.8,71.77539224984164
2015-12-13,Honololu,HI,91182022521,2015-12-13,21.324,-157.9294,2.1,76.4,86.0,68.0,0.0,68.3,4.2,1016.1,15.6,10.0,76.06615541360303
2016-12-11,Honololu,HI,91182022521,2016-12-11,21.324,-157.9294,2.1,72.8,79.0,69.1,0.0,67.1,4.9,1014.3,13.9,10.0,82.32861055361103
2017-12-10,Honololu,HI,91182022521,2017-12-10,21.324,-157.9294,2.1,76.2,84.0,68.0,0.01,63.7,5.2,1015.1,14.7,10.0,65.27982777049651
2018-12-09,Honololu,HI,91182022521,2018-12-09,21.324,-157.9294,2.1,74.7,81.0,71.1,0.05,60.3,10.8,1020.5,19.9,10.0,60.86903450588896
2019-12-08,Honololu,HI,91182022521,2019-12-08,21.324,-157.9294,2.1,75.0,82.9,68.0,0.0,64.8,4.7,1014.0,13.5,10.0,70.60518500828422
2021-12-12,Honololu,HI,91182022521,2021-12-12,21.32402,-157.93946,1.9,76.9,82.9,72.0,0.0,65.5,12.2,1017.4,16.8,10.0,67.91539674733723
2000-01-16,Houston,TX,72243012960,2000-01-16,29.98,-95.36,29.0,63.0,79.0,39.0,0.0,56.2,5.7,1028.0,999.9,9.5,78.47253498933038
2001-01-14,Houston,TX,72243012960,2001-01-14,29.98,-95.36,29.0,56.7,70.0,45.0,0.08,49.9,3.6,1018.0,999.9,4.8,77.94820695022949
2002-01-20,Houston,TX,72243012960,2002-01-20,29.98,-95.36,29.0,43.7,68.0,33.1,0.06,38.8,4.6,1018.7,999.9,9.8,82.75153975032875
2003-01-19,Houston,TX,72243012960,2003-01-19,29.98,-95.36,29.0,44.7,64.0,30.2,0.0,30.8,3.2,1028.3,999.9,9.9,57.94328224718892
2004-01-18,Houston,TX,72243012960,2004-01-18,29.98,-95.36,29.0,54.1,66.9,46.4,0.01,46.8,8.9,1009.4,999.9,9.8,76.27688804077508
2005-01-16,Houston,TX,72244012918,2005-01-16,29.63806,-95.28194,13.4,46.6,57.2,37.4,0.0,30.9,9.0,1034.9,999.9,10.0,54.13759837663588
2006-01-15,Houston,TX,72244012918,2006-01-15,29.63806,-95.28194,13.4,57.7,73.0,39.9,0.0,43.3,6.9,1019.4,999.9,10.0,58.615968078202165
2007-01-14,Houston,TX,72244012918,2007-01-14,29.63806,-95.28194,13.4,65.9,75.0,55.0,0.13,61.9,7.5,1017.0,999.9,6.0,86.93624751944206
2008-01-13,Houston,TX,72244012918,2008-01-13,29.63806,-95.28194,13.4,55.6,64.4,46.4,0.12,38.1,10.2,1020.8,999.9,10.0,51.69765079151015
2009-01-18,Houston,TX,72244012918,2009-01-18,29.63806,-95.28194,13.4,63.4,73.9,55.9,0.0,45.2,6.6,1022.4,999.9,9.8,51.473467727247865
2010-01-17,Houston,TX,72244012918,2010-01-17,29.63806,-95.28194,13.4,50.4,62.6,41.0,0.04,41.8,5.2,1016.3,999.9,8.8,72.2376008092032
2011-01-30,Houston,TX,72244012918,2011-01-30,29.63806,-95.28194,13.4,66.2,71.1,64.0,0.0,60.3,6.5,1016.5,14.4,10.0,81.2962452873902
2012-01-15,Houston,TX,72244012918,2012-01-15,29.63806,-95.28194,13.4,52.5,68.0,39.0,0.0,42.1,4.7,1027.9,25.8,10.0,67.62375565487866
2013-01-13,Houston,TX,72244012918,2013-01-13,29.63806,-95.28194,13.4,56.7,75.0,44.1,0.02,51.4,12.1,1013.5,11.3,8.3,82.40418878215982
2014-01-19,Houston,TX,72244012918,2014-01-19,29.63806,-95.28194,13.4,57.8,70.0,48.9,0.0,41.4,4.4,1023.2,21.0,8.3,54.29125359814619
2015-01-18,Houston,TX,72244012918,2015-01-18,29.63806,-95.28194,13.4,55.8,68.0,45.0,0.0,39.5,4.1,1024.3,22.3,10.0,54.20926962185558
2016-01-17,Houston,TX,72244012918,2016-01-17,29.63806,-95.28194,13.4,48.6,57.9,39.9,0.25,36.6,7.9,1020.8,18.7,10.0,63.06915183123875
2017-01-15,Houston,TX,72244012918,2017-01-15,29.63806,-95.28194,13.4,67.1,78.1,62.1,0.0,63.4,8.3,1021.0,19.2,6.3,87.91907158122746
2018-01-14,Houston,TX,72244012918,2018-01-14,29.63806,-95.28194,13.4,41.7,52.0,33.1,0.0,29.4,5.6,1034.3,32.2,10.0,61.40400247978363
2019-01-20,Houston,TX,72244012918,2019-01-20,29.63806,-95.28194,13.4,42.1,53.1,33.1,0.36,25.4,11.8,1026.9,24.8,10.0,51.28842596647326
2020-01-19,Houston,TX,72244012918,2020-01-19,29.63806,-95.28194,13.4,55.8,66.9,46.0,0.52,33.5,13.9,1028.3,26.3,10.0,42.777343425989386
2022-01-16,Houston,TX,72244012918,2022-01-16,29.64586,-95.28212,13.2,44.8,59.0,35.1,0.0,25.3,12.1,1020.6,18.5,10.0,46.06298797192483
2000-03-05,Los Angeles,CA,72288599999,2000-03-05,34.017,-118.45,53.0,55.5,59.0,50.0,0.0,48.5,11.1,9999.9,999.9,13.9,77.26621845826064
2001-03-04,Los Angeles,CA,72288599999,2001-03-04,34.017,-118.45,53.0,55.3,60.8,51.8,0.02,47.8,4.9,1015.2,999.9,9.7,75.81434912359832
2003-03-02,Los Angeles,CA,72288599999,2003-03-02,34.017,-118.45,53.0,55.9,66.0,46.0,0.0,44.8,4.6,1017.7,999.9,10.0,66.23374867510407
2004-03-07,Los Angeles,CA,72288599999,2004-03-07,34.017,-118.45,53.0,63.2,80.6,53.6,0.0,51.4,3.2,1022.2,999.9,9.6,65.38280565484195
2005-03-06,Los Angeles,CA,72288599999,2005-03-06,34.017,-118.45,53.0,59.1,64.4,53.6,0.0,51.9,4.1,1018.0,999.9,7.3,77.00730953142006
2006-03-19,Los Angeles,CA,72288593197,2006-03-19,34.01583,-118.45139,53.0,53.7,61.0,46.0,0.0,40.4,6.1,1009.8,3.6,10.0,60.59889422709423
2007-03-04,Los Angeles,CA,72288593197,2007-03-04,34.01583,-118.45139,53.0,64.1,82.0,48.9,0.0,24.3,4.3,1022.3,16.1,10.0,21.85752170646581
2008-03-02,Los Angeles,CA,72288593197,2008-03-02,34.01583,-118.45139,53.0,54.5,63.0,46.4,0.0,45.8,2.5,1016.7,10.4,6.4,72.38519643919821
2009-05-25,Los Angeles,CA,72288593197,2009-05-25,34.01583,-118.45139,53.0,62.1,66.9,59.0,0.0,51.5,5.2,1014.3,8.1,10.0,68.21444423362102
2010-03-21,Los Angeles,CA,72288593197,2010-03-21,34.01583,-118.45139,53.0,57.7,70.0,51.1,0.0,50.6,2.7,1020.8,14.5,4.2,77.17022777927444
2011-03-20,Los Angeles,CA,72288593197,2011-03-20,34.01583,-118.45139,53.0,53.7,57.0,48.9,0.05,45.4,7.2,1013.1,5.2,7.1,73.40917790439309
2012-03-18,Los Angeles,CA,72288593197,2012-03-18,34.01583,-118.45139,53.0,49.0,55.0,44.6,0.22,39.0,5.4,1008.4,2.0,9.4,68.26964191902431
2013-03-17,Los Angeles,CA,72288593197,2013-03-17,34.01583,-118.45139,53.0,55.3,60.1,52.0,0.0,49.7,2.7,1014.6,8.4,5.3,81.39339693167781
2014-03-09,Los Angeles,CA,72288593197,2014-03-09,34.01583,-118.45139,53.0,71.4,88.0,53.1,0.0,33.8,3.6,1019.6,13.4,10.0,25.05776045954165
2015-03-15,Los Angeles,CA,72288593197,2015-03-15,34.01583,-118.45139,53.0,77.8,93.9,63.0,0.0,38.7,3.6,1016.1,9.9,10.0,24.549644757325105
2016-02-14,Los Angeles,CA,72288593197,2016-02-14,34.01583,-118.45139,53.0,55.6,72.0,48.0,0.0,51.4,2.7,1017.2,11.1,2.9,85.7501464163539
2017-03-19,Los Angeles,CA,72288593197,2017-03-19,34.01583,-118.45139,53.0,58.4,64.9,54.0,0.0,54.8,4.4,1017.9,11.7,5.7,87.80886437844188
2018-03-18,Los Angeles,CA,72288593197,2018-03-18,34.01583,-118.45139,53.0,52.5,61.0,44.1,0.0,40.2,4.1,1018.7,12.5,10.0,62.83521129065653
2019-03-24,Los Angeles,CA,72288593197,2019-03-24,34.01583,-118.45139,53.0,58.3,66.0,51.1,0.0,50.8,3.3,1021.1,14.7,9.6,76.08775767656573
2020-03-08,Los Angeles,CA,72288593197,2020-03-08,34.01583,-118.45139,53.0,55.5,61.0,48.9,0.01,46.5,3.3,1016.0,9.8,10.0,71.67198558430393
2021-11-07,Los Angeles,CA,72288593197,2021-11-07,34.02099,-118.44712,53.3,57.1,61.0,55.0,0.0,54.0,2.8,1016.9,10.7,3.3,89.36320248854442
2022-03-20,Los Angeles,CA,72288593197,2022-03-20,34.02099,-118.44712,53.3,59.8,75.9,53.1,0.01,48.5,6.0,1014.0,7.7,9.5,66.19945215168687
2000-10-08,Minneapolis,MN,72658014922,2000-10-08,44.8831,-93.2289,265.8,38.0,46.9,28.9,0.0,20.2,8.6,1038.3,999.9,9.9,48.3337719153695
2001-10-07,Minneapolis,MN,72658014922,2001-10-07,44.8831,-93.2289,265.8,41.3,55.9,28.9,0.0,21.9,6.5,1023.6,999.9,9.9,45.68455140686827
2002-09-29,Minneapolis,MN,72658014922,2002-09-29,44.8831,-93.2289,265.8,55.3,62.1,46.0,0.08,54.7,5.2,1015.4,999.9,4.3,97.84178274357369
2003-10-05,Minneapolis,MN,72658014922,2003-10-05,44.8831,-93.2289,265.8,53.0,66.9,41.0,0.0,42.5,3.9,1015.4,985.1,10.0,67.42263104488838
2004-10-03,Minneapolis,MN,72658014922,2004-10-03,44.8831,-93.2289,265.8,54.7,73.0,33.1,0.0,33.7,9.0,1015.9,999.9,9.9,44.87876847602943
2005-10-02,Minneapolis,MN,72658014922,2005-10-02,44.8831,-93.2289,265.8,70.3,82.9,55.0,0.0,59.6,10.5,1011.8,981.9,10.0,68.87626597760276
2006-10-01,Minneapolis,MN,72658014922,2006-10-01,44.8831,-93.2289,265.8,62.5,84.0,48.0,0.0,45.5,5.8,1011.0,980.8,10.0,53.735507409553385
2007-10-07,Minneapolis,MN,72658014922,2007-10-07,44.8831,-93.2289,265.8,77.3,87.1,71.1,0.02,67.6,9.3,1010.8,981.2,10.0,72.07393242876734
2008-10-05,Minneapolis,MN,72658014922,2008-10-05,44.8831,-93.2289,265.8,52.9,63.0,39.9,0.0,42.7,11.2,1019.8,989.0,9.3,68.19223281764664
2009-10-04,Minneapolis,MN,72658014922,2009-10-04,44.8831,-93.2289,265.8,49.0,54.0,44.1,0.04,42.2,7.5,1014.8,984.1,10.0,77.2823918857686
2010-10-03,Minneapolis,MN,72658014922,2010-10-03,44.8831,-93.2289,265.8,48.0,59.0,37.9,0.0,33.5,2.3,1030.8,999.6,10.0,57.02715272766052
2011-10-02,Minneapolis,MN,72658014922,2011-10-02,44.8831,-93.2289,265.8,58.1,80.1,39.0,0.0,34.7,5.2,1022.7,991.9,10.0,41.30401671811411
2012-10-07,Minneapolis,MN,72658014922,2012-10-07,44.8831,-93.2289,265.8,39.1,53.1,28.0,0.0,21.0,5.3,1021.9,990.7,10.0,47.898761683176026
2013-10-06,Minneapolis,MN,72658014922,2013-10-06,44.8831,-93.2289,265.8,48.3,61.0,42.1,0.01,45.1,3.0,1007.1,976.6,8.7,88.63194642112406
2014-10-05,Minneapolis,MN,72658014922,2014-10-05,44.8831,-93.2289,265.8,40.9,51.1,35.1,0.03,29.8,7.4,1004.4,973.7,10.0,64.37152812188118
2015-10-04,Minneapolis,MN,72658014922,2015-10-04,44.8831,-93.2289,265.8,49.9,60.1,42.1,0.0,39.1,6.2,1026.0,994.9,10.0,66.27654654860913
2016-10-09,Minneapolis,MN,72658014922,2016-10-09,44.8831,-93.2289,265.8,46.0,60.1,36.0,0.0,35.9,3.9,1027.8,996.7,8.9,67.65089887037153
2017-10-01,Minneapolis,MN,72658014922,2017-10-01,44.8831,-93.2289,265.8,60.0,69.1,46.0,0.06,48.6,11.1,1017.2,986.4,9.5,65.97607513097579
2018-10-07,Minneapolis,MN,72658014922,2018-10-07,44.8831,-93.2289,265.8,47.0,52.0,44.1,0.0,41.7,7.1,1024.9,993.4,9.1,81.71186507077093
2019-10-06,Minneapolis,MN,72658014922,2019-10-06,44.8831,-93.2289,265.8,54.0,64.9,46.9,0.49,41.9,11.7,1012.6,982.0,9.9,63.51616949054698
2021-10-03,Minneapolis,MN,72658014922,2021-10-03,44.88523,-93.23133,254.5,64.7,73.0,57.0,0.26,57.9,7.7,1012.9,982.8,9.6,78.6109799694002
2003-09-14,Montreal,QC,71371099999,2003-09-14,45.5166666,-73.4166666,27.43,74.0,86.2,53.1,0.0,65.3,6.3,1023.1,19.8,10.9,74.29076398398456
2004-09-12,Montreal,QC,71371099999,2004-09-12,45.5166666,-73.4166666,27.43,64.5,75.4,46.9,0.0,58.4,6.0,1019.8,17.1,11.2,80.59414552513189
2005-09-11,Montreal,QC,71371099999,2005-09-11,45.5166666,-73.4166666,27.43,57.6,71.6,44.6,0.04,48.7,6.3,1025.0,22.5,9.0,72.15976551500371
2006-09-10,Montreal,QC,71371099999,2006-09-10,45.5166666,-73.4166666,27.43,52.1,66.4,38.7,0.0,42.2,5.3,1024.2,19.8,9.0,68.89098052966149
2007-09-09,Montreal,QC,71371099999,2007-09-09,45.5166666,-73.4166666,27.43,58.7,66.7,50.0,0.0,50.5,6.6,1019.8,16.5,9.0,74.17610417541515
2008-09-14,Montreal,QC,71371099999,2008-09-14,45.5166666,-73.4166666,27.43,67.4,77.4,55.8,0.14,65.7,5.6,1005.2,999.9,6.4,94.28662271426359
2009-09-13,Montreal,QC,71371099999,2009-09-13,45.5166666,-73.4166666,27.43,64.1,76.5,44.6,0.0,54.0,7.1,1012.2,999.9,9.0,69.70182095196729
2010-09-05,Montreal,QC,71371099999,2010-09-05,45.5166666,-73.4166666,27.43,58.6,74.3,52.5,0.01,47.2,18.1,1004.8,0.4,9.2,65.80839955272327
2011-09-25,Montreal,QC,71371099999,2011-09-25,45.5166666,-73.4166666,27.43,68.8,74.1,62.2,0.0,63.2,8.6,1018.8,999.9,9.1,82.34483717550548
2012-09-23,Montreal,QC,71371099999,2012-09-23,45.5166666,-73.4166666,27.43,57.0,69.4,50.0,0.11,46.1,12.4,1011.6,7.5,9.1,66.86912328068108
2013-09-22,Montreal,QC,71371099999,2013-09-22,45.5166666,-73.4166666,27.43,58.4,64.4,51.8,0.89,53.5,9.1,1003.4,999.9,7.2,83.73976972771679
2014-09-28,Montreal,QC,71371099999,2014-09-28,45.5166666,-73.4166666,27.43,68.3,79.0,55.9,0.0,57.7,9.3,1019.0,16.3,9.2,68.90408017398477
2015-09-20,Montreal,QC,71371099999,2015-09-20,45.5166666,-73.4166666,27.43,61.0,81.5,52.9,0.13,49.8,9.1,1014.4,11.1,9.3,66.58896065537334
2016-09-25,Montreal,QC,71371099999,2016-09-25,45.5166666,-73.4166666,27.43,51.6,64.6,39.0,0.0,35.9,7.4,1021.8,18.4,9.3,54.878252543616014
2018-09-23,Montreal,QC,71371099999,2018-09-23,45.5166666,-73.4166666,27.43,50.6,66.0,42.1,0.0,42.1,7.0,1024.1,20.6,9.3,72.53712582113707
2019-09-22,Montreal,QC,71371099999,2019-09-22,45.5166666,-73.4166666,27.43,68.5,80.6,59.0,0.0,61.1,6.1,1016.0,12.8,9.3,77.25860330324682
2000-11-05,New York City,NY,72503014732,2000-11-05,40.77944,-73.88035,3.4,52.2,66.9,48.0,0.0,36.7,15.4,1010.4,999.9,9.9,55.40158362467202
2001-11-04,New York City,NY,72503014732,2001-11-04,40.77944,-73.88035,3.4,56.5,69.1,51.1,0.08,36.4,7.7,1020.4,999.9,9.9,46.80348934587846
2002-11-03,New York City,NY,72503014732,2002-11-03,40.77944,-73.88035,3.4,43.0,46.0,36.0,0.0,27.8,10.1,1018.0,999.9,9.9,54.70843184979112
2003-11-02,New York City,NY,72503014732,2003-11-02,40.77944,-73.88035,3.4,64.6,77.0,57.0,0.0,55.0,5.5,1022.8,21.8,10.0,71.03723112515522
2004-11-07,New York City,NY,72503014732,2004-11-07,40.7792,-73.88,3.4,58.2,69.8,48.2,0.0,37.4,9.1,1009.6,999.9,9.1,45.794569800716005
2005-11-06,New York City,NY,72503014732,2005-11-06,40.77944,-73.88035,3.4,59.0,73.9,53.1,0.0,54.7,5.6,1016.0,14.9,3.1,85.63123163314087
2006-11-05,New York City,NY,72503014732,2006-11-05,40.77944,-73.88035,3.4,45.0,50.0,34.7,0.0,22.8,3.7,1033.5,32.6,10.0,41.17875605543973
2007-11-04,New York City,NY,72503014732,2007-11-04,40.77944,-73.88035,3.4,52.2,55.9,46.9,0.0,30.2,11.1,1009.3,8.3,10.0,42.71061056217155
2008-11-02,New York City,NY,72503014732,2008-11-02,40.77944,-73.88035,3.4,47.4,64.9,39.0,0.0,29.1,9.0,1030.5,29.5,10.0,48.823557260675784
2009-11-01,New York City,NY,72503014732,2009-11-01,40.77944,-73.88035,3.4,57.5,71.1,52.0,0.13,43.5,9.5,1016.2,15.2,9.5,59.49261039670195
2010-11-07,New York City,NY,72503014732,2010-11-07,40.77944,-73.88035,3.4,45.4,52.0,39.0,0.0,29.2,10.4,1022.9,22.2,10.0,52.8690453260047
2011-11-06,New York City,NY,72503014732,2011-11-06,40.77944,-73.88035,3.4,46.9,55.0,37.0,0.0,29.5,4.1,1032.2,31.2,10.0,50.569429404509556
2013-11-03,New York City,NY,72503014732,2013-11-03,40.77944,-73.88035,3.4,50.9,68.0,42.1,0.01,35.0,11.2,1015.1,14.1,10.0,54.34200260835207
2014-11-02,New York City,NY,72503014732,2014-11-02,40.77944,-73.88035,3.4,44.6,48.0,42.1,0.17,31.4,19.4,1010.0,8.8,10.0,59.59328849285694
2015-11-01,New York City,NY,72503014732,2015-11-01,40.77944,-73.88035,3.4,57.3,64.9,43.0,0.0,44.0,7.1,1014.8,13.7,10.0,61.07812898964913
2016-11-06,New York City,NY,72503014732,2016-11-06,40.77944,-73.88035,3.4,57.7,64.0,48.0,0.0,39.2,12.0,1021.6,20.5,10.0,50.02843978066066
2017-11-05,New York City,NY,72503014732,2017-11-05,40.77944,-73.88035,3.4,54.8,61.0,48.0,0.02,49.2,7.8,1024.8,23.2,8.5,81.35675433735372
2018-11-04,New York City,NY,72503014732,2018-11-04,40.77944,-73.88035,3.4,51.0,66.0,46.0,0.23,31.5,7.9,1029.9,28.9,10.0,47.058304137083944
2019-11-03,New York City,NY,72503014732,2019-11-03,40.77944,-73.88035,3.4,47.8,53.1,39.9,0.0,30.6,9.6,1018.3,17.3,10.0,51.12222249610486
2021-11-07,New York City,NY,72503014732,2021-11-07,40.77945,-73.88027,3.0,49.5,57.0,43.0,0.0,31.7,3.4,1023.3,22.3,10.0,50.15654779754753
2000-01-08,Orlando,FL,72205012815,2000-01-08,28.4339,-81.325,27.4,66.2,77.0,60.8,0.0,61.8,4.8,1023.4,999.9,6.1,85.733235406034
2001-01-07,Orlando,FL,72205012815,2001-01-07,28.4339,-81.325,27.4,48.9,70.0,30.9,0.0,29.3,2.7,1016.8,999.9,9.2,46.533319683543226
2002-01-06,Orlando,FL,72205012815,2002-01-06,28.4339,-81.325,27.4,60.1,70.0,51.1,0.0,54.6,10.0,1015.3,999.9,9.9,82.0383231208855
2003-01-12,Orlando,FL,72205012815,2003-01-12,28.4339,-81.325,27.4,52.0,66.0,44.1,0.0,38.0,8.3,1023.2,999.9,10.0,58.73821122428286
2004-01-11,Orlando,FL,72205012815,2004-01-11,28.4339,-81.325,27.4,47.6,64.0,39.0,0.01,38.8,12.5,1026.4,999.9,9.7,71.38445777211209
2005-01-09,Orlando,FL,72205012815,2005-01-09,28.4339,-81.325,27.4,68.2,81.0,57.0,0.0,59.1,1.2,1025.8,22.1,9.6,72.69826598893765
2006-01-08,Orlando,FL,72205012815,2006-01-08,28.4339,-81.325,27.4,49.0,66.0,34.0,0.0,33.2,3.3,1024.8,21.0,8.7,54.27709667595179
2007-01-07,Orlando,FL,72205012815,2007-01-07,28.4339,-81.325,27.4,73.0,84.0,63.0,0.0,64.2,5.7,1020.4,17.0,7.8,73.93874587115235
2008-01-13,Orlando,FL,72205012815,2008-01-13,28.4339,-81.325,27.4,68.5,81.0,60.1,0.0,65.6,5.1,1014.4,10.7,7.0,90.47045286037326
2009-01-11,Orlando,FL,72205012815,2009-01-11,28.4339,-81.325,27.4,64.9,80.1,46.9,0.0,55.5,5.8,1019.8,16.3,9.0,71.58638725688907
2010-01-10,Orlando,FL,72205012815,2010-01-10,28.4339,-81.325,27.4,34.7,44.1,24.1,0.04,17.2,9.5,1026.5,22.7,10.0,48.420042488252484
2011-01-09,Orlando,FL,72205012815,2011-01-09,28.4339,-81.325,27.4,54.7,64.9,42.4,0.0,38.6,7.7,1016.4,12.6,10.0,54.47220694559346
2012-01-08,Orlando,FL,72205012815,2012-01-08,28.4339,-81.325,27.4,60.7,77.0,46.9,0.0,48.8,1.2,1022.8,19.1,9.9,64.83817972966989
2013-01-13,Orlando,FL,72205012815,2013-01-13,28.4339,-81.325,27.4,69.5,82.9,57.0,0.0,62.3,4.8,1020.1,16.5,9.1,77.89040340581165
2014-01-12,Orlando,FL,72205012815,2014-01-12,28.4339,-81.325,27.4,66.3,86.0,55.9,0.41,51.7,9.0,1019.2,15.1,9.9,59.336838421213024
2015-01-11,Orlando,FL,72205012815,2015-01-11,28.4339,-81.325,27.4,61.2,79.0,44.1,0.0,57.1,6.6,1026.8,23.2,9.4,86.37739345518828
2016-01-10,Orlando,FL,72205012815,2016-01-10,28.4339,-81.325,27.4,66.6,71.1,57.9,0.22,61.9,7.7,1012.5,8.5,9.2,84.85295629678461
2017-01-08,Orlando,FL,72205012815,2017-01-08,28.4339,-81.325,27.4,44.4,55.0,36.0,0.37,33.2,15.1,1031.0,27.3,10.0,64.55896771956229
2018-01-07,Orlando,FL,72205012815,2018-01-07,28.4339,-81.325,27.4,50.1,66.0,37.0,0.0,38.6,11.1,1029.3,25.6,10.0,64.51352465796121
2019-01-13,Orlando,FL,72205012815,2019-01-13,28.4339,-81.325,27.4,67.0,81.0,54.0,0.0,58.3,5.9,1020.7,17.1,10.0,73.62845907434385
2020-01-12,Orlando,FL,72205012815,2020-01-12,28.4339,-81.325,27.4,75.0,86.0,66.9,0.01,67.7,6.0,1024.5,20.9,9.1,78.06879556763847
2022-01-09,Orlando,FL,72205012815,2022-01-09,28.41822,-81.32413,27.1,70.5,82.9,54.0,0.0,60.9,6.5,1027.1,23.5,10.0,71.64444058803984
2001-05-13,Ottawa,ON,71628099999,2001-05-13,45.3225,-75.669167,113.99,46.6,60.8,36.7,0.03,32.2,7.3,1021.5,7.3,21.6,57.05477299321805
2002-05-12,Ottawa,ON,71628099999,2002-05-12,45.3225,-75.669167,113.99,47.4,57.0,36.7,0.0,35.4,6.2,1025.0,11.6,17.7,62.91297710733546
2003-05-11,Ottawa,ON,71628099999,2003-05-11,45.3225,-75.669167,113.99,53.9,67.1,43.3,0.03,42.3,10.6,1005.2,991.7,16.4,64.7377029328127
2004-05-30,Ottawa,ON,71628099999,2004-05-30,45.3225,-75.669167,113.99,55.3,68.0,41.0,0.0,35.3,5.8,1015.5,1.9,18.2,46.799725897975804
2005-05-29,Ottawa,ON,71627999999,2005-05-29,45.521694,-75.563589,64.31,61.4,69.8,48.2,0.0,51.6,3.6,1008.6,999.9,12.2,70.18064483486842
2006-05-28,Ottawa,ON,71628099999,2006-05-28,45.3225,-75.669167,113.99,66.2,78.8,50.0,0.0,51.5,4.2,1018.5,4.5,16.2,59.104906493476776
2007-05-27,Ottawa,ON,71628099999,2007-05-27,45.3225,-75.669167,113.99,55.2,66.4,48.2,0.1,46.4,4.6,1019.2,5.6,11.1,72.18392055830564
2008-05-25,Ottawa,ON,71628099999,2008-05-25,45.3225,-75.669167,113.99,59.9,75.2,44.6,0.0,38.1,6.7,1017.0,999.9,15.0,44.29600199412641
2009-05-24,Ottawa,ON,71628099999,2009-05-24,45.3225,-75.669167,113.99,63.1,71.4,45.1,0.0,46.3,8.1,1015.0,1.3,15.0,54.23098763229181
2010-05-30,Ottawa,ON,71628099999,2010-05-30,45.3225,-75.669167,113.99,64.2,77.4,57.9,0.0,47.9,8.1,1012.9,999.1,15.0,55.420255555555606
2011-05-29,Ottawa,ON,71628099999,2011-05-29,45.3225,-75.669167,113.99,65.2,75.2,60.8,0.05,62.4,3.0,1013.9,999.9,7.6,90.66149517143063
2013-05-26,Ottawa,ON,71628099999,2013-05-26,45.3225,-75.669167,113.99,54.1,66.2,46.4,0.0,33.8,11.2,1018.4,4.8,15.0,46.05503313959684
2014-05-25,Ottawa,ON,71628099999,2014-05-25,45.3225,-75.669167,113.99,61.3,78.8,44.6,0.0,50.8,5.8,1016.6,999.9,13.3,68.37677692788489
2015-05-24,Ottawa,ON,71628099999,2015-05-24,45.3225,-75.669167,113.99,63.1,82.4,48.2,0.0,38.4,11.6,1019.5,6.2,15.0,40.02456090554047
2016-05-29,Ottawa,ON,71628099999,2016-05-29,45.3225,-75.669167,113.99,74.9,90.0,63.0,0.0,60.8,6.5,1016.9,3.6,15.0,61.54635508354003
2017-05-28,Ottawa,ON,71628099999,2017-05-28,45.3225,-75.669167,113.99,64.7,77.0,51.4,0.0,52.4,6.0,1011.5,998.0,15.0,64.36898433853975
2018-05-27,Ottawa,ON,71628099999,2018-05-27,45.3225,-75.669167,113.99,63.9,73.9,55.4,0.11,54.3,8.1,1014.9,1.4,14.8,70.96400036842243
2019-05-26,Ottawa,ON,71628099999,2019-05-26,45.3225,-75.669167,113.99,64.5,72.3,59.0,0.09,56.9,9.9,1010.1,996.7,10.0,76.36329525373259
2022-05-29,Ottawa,ON,71628099999,2022-05-29,45.3225,-75.669167,113.99,64.6,77.0,49.3,0.0,51.2,5.9,1014.5,0.9,15.0,61.79797998113303
2000-11-19,Philadelphia,PA,72408013739,2000-11-19,39.87327,-75.22678,3.0,37.7,46.9,30.9,0.0,24.0,6.9,1020.5,999.9,9.9,57.407240560317696
2001-11-18,Philadelphia,PA,72408013739,2001-11-18,39.87327,-75.22678,3.0,45.8,57.9,36.0,0.0,38.4,3.8,1030.2,999.9,9.6,75.21276838213056
2002-11-24,Philadelphia,PA,72408013739,2002-11-24,39.87327,-75.22678,3.0,42.9,53.1,34.0,0.0,28.6,9.1,1017.8,999.9,9.9,56.74969533160886
2003-11-23,Philadelphia,PA,72408013739,2003-11-23,39.87327,-75.22678,3.0,49.2,62.1,42.1,0.0,46.6,1.9,1022.5,20.1,7.1,90.7073358261334
2004-11-21,Philadelphia,PA,72408013739,2004-11-21,39.87327,-75.22678,3.0,51.1,57.0,48.0,0.16,48.3,5.0,1022.3,999.9,6.2,90.10401560644041
2005-11-20,Philadelphia,PA,72408013739,2005-11-20,39.87327,-75.22678,3.0,44.6,59.0,28.9,0.0,29.8,6.1,1025.5,24.4,10.0,55.84985360607767
2006-11-19,Philadelphia,PA,72408013739,2006-11-19,39.87327,-75.22678,3.0,44.7,51.1,39.9,0.0,31.2,6.7,1014.5,13.4,10.0,58.88897482052266
2007-11-18,Philadelphia,PA,72408013739,2007-11-18,39.87327,-75.22678,3.0,42.0,46.0,33.1,0.0,32.8,8.1,1023.5,22.5,9.8,69.64859964352411
2008-11-23,Philadelphia,PA,72408013739,2008-11-23,39.87327,-75.22678,3.0,31.1,39.0,23.0,0.0,16.2,8.8,1031.1,30.1,10.0,53.57581385053973
2009-11-22,Philadelphia,PA,72408013739,2009-11-22,39.87327,-75.22678,3.0,48.3,57.0,39.9,0.0,38.2,6.7,1024.2,23.1,10.0,67.92181064992275
2010-11-21,Philadelphia,PA,72408013739,2010-11-21,39.87327,-75.22678,3.0,46.8,57.0,39.0,0.0,31.5,5.3,1029.8,28.5,9.4,55.050353998124194
2011-11-20,Philadelphia,PA,72408013739,2011-11-20,39.87327,-75.22678,3.0,53.8,64.0,34.0,0.0,43.2,7.7,1023.1,22.1,10.0,67.25823708937406
2012-11-18,Philadelphia,PA,72408013739,2012-11-18,39.87327,-75.22678,3.0,43.6,55.0,35.1,0.0,34.4,5.3,1036.8,35.7,10.0,69.82990238147003
2013-11-17,Philadelphia,PA,72408013739,2013-11-17,39.87327,-75.22678,3.0,56.8,69.1,44.1,0.0,49.0,2.8,1021.6,21.1,8.8,75.10630542145083
2014-11-23,Philadelphia,PA,72408013739,2014-11-23,39.87327,-75.22678,3.0,45.7,54.0,39.9,0.0,24.7,7.3,1023.2,22.2,10.0,43.41848385817129
2015-11-22,Philadelphia,PA,72408013739,2015-11-22,39.87327,-75.22678,3.0,49.3,55.9,39.0,0.0,33.7,9.5,1014.5,13.3,10.0,54.7579097078565
2016-11-20,Philadelphia,PA,72408013739,2016-11-20,39.87327,-75.22678,3.0,41.8,50.0,37.9,0.03,26.0,19.3,1006.4,5.4,9.9,53.19181626817365
2017-11-19,Philadelphia,PA,72408013739,2017-11-19,39.87327,-75.22678,3.0,54.6,62.1,34.0,0.36,40.4,17.2,1000.4,997.8,9.6,58.64062735880462
2018-11-18,Philadelphia,PA,72408013739,2018-11-18,39.87327,-75.22678,3.0,40.4,48.0,32.0,0.0,30.7,4.0,1027.2,26.1,10.0,68.0738629368503
2019-11-24,Philadelphia,PA,72408013739,2019-11-24,39.87327,-75.22678,3.0,41.6,46.9,32.0,0.86,34.4,10.0,1001.9,998.8,8.2,75.40488005839254
2021-11-21,Philadelphia,PA,72408013739,2021-11-21,39.87326,-75.22681,2.1,45.3,54.0,32.0,0.0,36.7,2.5,1027.0,26.0,10.0,71.69979627562111
2004-01-11,Phoenix,AZ,72278023183,2004-01-11,33.4277,-112.0038,337.4,65.1,79.0,51.1,0.0,25.8,5.0,1014.8,999.9,9.9,22.4670681448212
2005-01-09,Phoenix,AZ,72278023183,2005-01-09,33.4277,-112.0038,337.4,57.3,69.1,50.0,0.0,44.8,4.3,1019.8,980.4,10.0,62.96835014529163
2006-01-15,Phoenix,AZ,72278023183,2006-01-15,33.4277,-112.0038,337.4,60.8,73.0,48.9,0.0,28.0,5.8,1013.4,974.5,10.0,28.613967230807557
2007-01-14,Phoenix,AZ,72278023183,2007-01-14,33.4277,-112.0038,337.4,37.7,48.9,28.9,0.0,4.6,6.0,1021.8,981.6,10.0,24.552692032372047
2008-01-13,Phoenix,AZ,72278023183,2008-01-13,33.4277,-112.0038,337.4,56.5,68.0,45.0,0.0,33.8,2.7,1017.4,978.1,10.0,42.21080422505092
2009-01-18,Phoenix,AZ,72278023183,2009-01-18,33.4277,-112.0038,337.4,62.8,78.1,48.0,0.0,30.5,3.7,1022.1,982.9,10.0,29.52589531299661
2010-01-17,Phoenix,AZ,72278023183,2010-01-17,33.4277,-112.0038,337.4,58.1,70.0,48.9,0.0,28.3,4.1,1012.8,973.8,10.0,31.896950473254215
2011-01-16,Phoenix,AZ,72278023183,2011-01-16,33.4277,-112.0038,337.4,59.0,75.9,46.9,0.0,30.3,2.7,1016.6,977.4,10.0,33.51062131551667
2012-01-15,Phoenix,AZ,72278023183,2012-01-15,33.4277,-112.0038,337.4,59.0,72.0,44.1,0.0,23.7,3.0,1018.5,979.3,10.0,25.527591503623547
2013-01-20,Phoenix,AZ,72278023183,2013-01-20,33.4277,-112.0038,337.4,58.7,75.0,45.0,0.0,23.0,1.1,1019.1,979.8,10.0,25.05661618666504
2014-01-19,Phoenix,AZ,72278023183,2014-01-19,33.4277,-112.0038,337.4,60.6,75.9,46.9,0.0,24.5,3.7,1018.3,979.2,10.0,24.933155714811605
2015-01-18,Phoenix,AZ,72278023183,2015-01-18,33.4277,-112.0038,337.4,60.5,75.0,46.9,0.0,35.6,3.2,1022.2,982.8,10.0,39.292578509364034
2016-01-17,Phoenix,AZ,72278023183,2016-01-17,33.4277,-112.0038,337.4,54.5,68.0,39.9,0.0,36.0,3.1,1020.3,980.8,10.0,49.53692461280338
2017-01-15,Phoenix,AZ,72278023183,2017-01-15,33.4277,-112.0038,337.4,55.9,64.9,50.0,0.03,48.9,4.9,1012.8,973.7,10.0,77.30103156855265
2018-01-14,Phoenix,AZ,72278023183,2018-01-14,33.4277,-112.0038,337.4,62.8,79.0,46.9,0.0,31.7,3.1,1020.0,980.8,10.0,30.994608370522187
2019-01-20,Phoenix,AZ,72278023183,2019-01-20,33.4277,-112.0038,337.4,58.4,73.9,44.1,0.0,32.2,2.8,1019.2,979.8,10.0,36.97144016123413
2020-01-19,Phoenix,AZ,72278023183,2020-01-19,33.4277,-112.0038,337.4,59.1,75.9,42.1,0.0,29.9,4.1,1019.8,980.4,10.0,32.852667527335235
2000-10-01,Portland,OR,72698024229,2000-10-01,45.5958,-122.6093,5.8,63.2,68.0,57.9,0.66,58.0,9.3,1013.5,999.9,9.6,83.14514494088755
2001-09-30,Portland,OR,72698024229,2001-09-30,45.5958,-122.6093,5.8,66.5,86.0,46.9,0.0,50.0,6.0,1016.8,999.9,9.9,55.33225121579286
2002-10-06,Portland,OR,72698024229,2002-10-06,45.5958,-122.6093,5.8,57.8,64.0,51.1,0.03,54.7,3.1,1028.7,999.9,9.0,89.39365747667999
2003-10-05,Portland,OR,72698024229,2003-10-05,45.5958,-122.6093,5.8,61.1,66.9,57.0,0.0,55.1,4.3,1015.8,15.1,9.2,80.63113439925996
2004-10-03,Portland,OR,72698024229,2004-10-03,45.5958,-122.6093,5.8,60.9,77.0,48.0,0.0,53.2,3.1,1019.9,999.9,6.7,75.76404981620541
2005-10-09,Portland,OR,72698024229,2005-10-09,45.5958,-122.6093,5.8,56.4,66.0,48.9,0.18,51.6,4.7,1017.7,13.9,9.1,83.91942268831384
2006-10-01,Portland,OR,72698024229,2006-10-01,45.5958,-122.6093,5.8,58.5,72.0,46.9,0.0,46.7,5.4,1015.4,11.7,10.0,64.81218455946382
2007-10-07,Portland,OR,72698024229,2007-10-07,45.5958,-122.6093,5.8,57.6,66.9,44.1,0.01,50.0,9.3,1020.6,17.1,10.0,75.74238116893952
2008-10-05,Portland,OR,72698024229,2008-10-05,45.5958,-122.6093,5.8,55.6,64.9,51.1,0.23,51.0,3.2,1012.1,8.7,9.6,84.49134219585821
2009-10-04,Portland,OR,72698024229,2009-10-04,45.5958,-122.6093,5.8,51.4,66.0,42.1,0.08,43.8,2.3,1011.2,7.4,9.9,75.16467551304338
2010-10-10,Portland,OR,72698024229,2010-10-10,45.5958,-122.6093,5.8,61.4,68.0,55.9,0.49,57.9,7.2,1023.1,19.1,8.1,88.27228126928944
2011-10-09,Portland,OR,72698024229,2011-10-09,45.5958,-122.6093,5.8,58.3,69.1,55.0,0.02,52.1,2.6,1018.6,14.8,9.3,79.82990948690475
2012-10-07,Portland,OR,72698024229,2012-10-07,45.5958,-122.6093,5.8,59.4,79.0,41.0,0.01,30.5,6.8,1017.1,13.3,10.0,33.30459841404294
2013-10-06,Portland,OR,72698024229,2013-10-06,45.5958,-122.6093,5.8,56.8,73.9,41.0,0.0,46.5,2.1,1019.0,15.4,8.6,68.37872675710953
2014-10-05,Portland,OR,72698024229,2014-10-05,45.5958,-122.6093,5.8,66.6,84.9,48.9,0.0,55.3,2.2,1018.9,15.3,10.0,66.9947286584452
2015-10-04,Portland,OR,72698024229,2015-10-04,45.5958,-122.6093,5.8,62.8,81.0,46.0,0.0,48.6,5.2,1012.8,9.1,10.0,59.754481266035796
2016-10-09,Portland,OR,72698024229,2016-10-09,45.5958,-122.6093,5.8,60.7,70.0,54.0,0.25,56.0,6.4,1014.1,10.7,7.9,84.49686964375115
2017-10-08,Portland,OR,72698024229,2017-10-08,45.5958,-122.6093,5.8,55.2,64.9,46.9,0.02,46.1,4.3,1021.1,17.4,10.0,71.37026719279848
2018-10-07,Portland,OR,72698024229,2018-10-07,45.5958,-122.6093,5.8,51.7,63.0,45.0,0.01,46.2,2.5,1023.1,19.3,8.7,81.43450741478844
2019-10-06,Portland,OR,72698024229,2019-10-06,45.5958,-122.6093,5.8,54.8,71.1,43.0,0.0,46.1,2.7,1026.2,23.0,8.5,72.4159806678981
2021-10-03,Portland,OR,72698024229,2021-10-03,45.59578,-122.60919,6.7,58.4,72.0,46.9,0.0,47.1,4.1,1020.7,17.0,10.0,66.03252031769699
2000-12-03,Sacramento,CA,72483999999,2000-12-03,38.683,-121.583,8.0,44.1,59.0,33.1,0.03,42.6,4.8,1019.9,999.9,2.0,94.42023667784221
2001-12-02,Sacramento,CA,72483999999,2001-12-02,38.683,-121.583,8.0,52.3,57.2,48.2,0.44,45.9,21.5,1009.3,999.9,7.8,78.75545392607593
2002-12-08,Sacramento,CA,72483999999,2002-12-08,38.683,-121.583,8.0,46.6,63.0,34.0,0.0,40.5,2.9,1022.5,999.9,5.6,79.19247766939762
2003-12-07,Sacramento,CA,72483999999,2003-12-07,38.683,-121.583,8.0,56.2,62.1,50.0,0.32,49.5,9.7,1013.3,999.9,9.0,78.19661235614393
2004-12-05,Sacramento,CA,72483993225,2004-12-05,38.69556,-121.58972,7.0,41.6,57.2,33.8,0.0,34.3,6.5,1007.9,999.9,5.4,75.10492256874369
2005-12-04,Sacramento,CA,72483993225,2005-12-04,38.69556,-121.58972,7.0,44.1,55.0,32.0,0.0,30.9,8.4,1028.3,27.3,10.0,59.52363775469873
2006-12-03,Sacramento,CA,72483993225,2006-12-03,38.69556,-121.58972,7.0,43.7,63.0,28.9,0.0,32.4,2.6,1027.5,26.4,9.0,64.21109706796894
2007-12-02,Sacramento,CA,72483993225,2007-12-02,38.69556,-121.58972,7.0,47.6,61.0,37.9,0.0,30.6,11.4,1022.3,21.3,10.0,51.507545180134265
2008-12-07,Sacramento,CA,72483993225,2008-12-07,38.69556,-121.58972,7.0,43.4,46.0,41.0,0.01,41.3,2.0,1022.4,21.2,1.5,92.24332401849485
2009-12-06,Sacramento,CA,72483993225,2009-12-06,38.69556,-121.58972,7.0,40.5,53.1,27.0,0.0,24.3,10.4,1009.8,8.7,10.0,52.115829376041034
2010-12-05,Sacramento,CA,72483993225,2010-12-05,38.69556,-121.58972,7.0,52.0,57.0,45.0,0.25,51.1,3.4,1016.4,15.3,2.3,96.73221374160944
2011-12-04,Sacramento,CA,72483993225,2011-12-04,38.69556,-121.58972,7.0,47.2,60.1,34.0,0.0,25.0,6.2,1023.8,22.7,10.0,41.54374369478357
2012-12-02,Sacramento,CA,72483993225,2012-12-02,38.69556,-121.58972,7.0,60.2,63.0,55.4,0.76,56.1,15.4,1011.5,9.5,7.6,86.32278278590387
2013-12-08,Sacramento,CA,72483993225,2013-12-08,38.69556,-121.58972,7.0,32.2,46.0,25.0,0.0,23.8,5.5,1024.9,23.8,9.8,70.8412572374088
2014-12-07,Sacramento,CA,72483993225,2014-12-07,38.69556,-121.58972,7.0,54.8,66.0,50.0,0.15,52.1,3.1,1022.7,21.7,5.7,90.5880129976492
2015-12-06,Sacramento,CA,72483993225,2015-12-06,38.69556,-121.58972,7.0,51.4,62.6,44.1,0.0,44.8,3.7,1024.4,23.5,9.5,78.08486961369803
2016-12-04,Sacramento,CA,72483993225,2016-12-04,38.69556,-121.58972,7.0,44.1,57.0,32.0,0.0,39.6,1.8,1021.8,20.8,6.6,84.07967689115057
2017-12-03,Sacramento,CA,72483993225,2017-12-03,38.69556,-121.58972,7.0,52.3,57.9,36.0,0.01,42.4,6.4,1018.4,17.3,9.3,68.91365919555327
2018-12-02,Sacramento,CA,72483993225,2018-12-02,38.69556,-121.58972,7.0,44.7,59.0,33.1,0.1,39.8,3.5,1017.7,16.6,9.3,82.82147927630783
2019-12-08,Sacramento,CA,72483993225,2019-12-08,38.69556,-121.58972,7.0,56.4,66.9,52.0,0.38,52.8,9.0,1014.5,13.4,9.7,87.70945088040864
2000-06-04,San Diego,CA,72290023188,2000-06-04,32.7336,-117.1831,4.6,67.3,73.0,62.1,0.0,59.7,7.4,1016.7,999.9,7.2,76.60886944503656
2001-06-03,San Diego,CA,72290023188,2001-06-03,32.7336,-117.1831,4.6,63.2,64.9,62.1,0.0,56.4,6.5,1011.9,999.9,10.0,78.4888887249054
2002-06-02,San Diego,CA,72290023188,2002-06-02,32.7336,-117.1831,4.6,62.9,69.1,61.0,0.0,53.6,5.4,1012.9,999.9,9.9,71.64147767565558
2003-06-01,San Diego,CA,72290023188,2003-06-01,32.7336,-117.1831,4.6,62.3,66.9,60.1,0.0,56.7,4.8,1013.8,12.6,7.2,81.89570153607438
2004-06-06,San Diego,CA,72290023188,2004-06-06,32.7336,-117.1831,4.6,65.7,75.0,60.1,0.0,56.3,9.2,1009.9,999.9,6.1,71.66844818143731
2005-06-05,San Diego,CA,72290023188,2005-06-05,32.7336,-117.1831,4.6,64.6,68.0,61.0,0.0,54.5,7.2,1011.6,10.6,9.9,69.75592083253446
2006-06-04,San Diego,CA,72290023188,2006-06-04,32.7336,-117.1831,4.6,68.7,81.0,62.6,0.0,60.4,5.0,1010.1,9.4,4.4,74.84848498472995
2007-06-03,San Diego,CA,72290023188,2007-06-03,32.7336,-117.1831,4.6,62.2,68.0,60.1,0.0,52.1,5.1,1015.3,14.3,9.8,69.4950266417083
2008-06-01,San Diego,CA,72290023188,2008-06-01,32.7336,-117.1831,4.6,63.3,66.9,60.8,0.0,52.1,5.2,1016.7,15.7,10.0,66.85779063181513
2009-05-31,San Diego,CA,72290023188,2009-05-31,32.7336,-117.1831,4.6,62.1,68.0,59.0,0.04,57.2,6.4,1015.5,14.7,9.2,83.97558923598982
2010-06-06,San Diego,CA,72290023188,2010-06-06,32.7336,-117.1831,4.6,64.7,70.0,61.0,0.0,58.0,4.7,1015.2,14.2,8.8,78.8937212084751
2011-06-05,San Diego,CA,72290023188,2011-06-05,32.7336,-117.1831,4.6,64.4,72.0,59.0,0.0,50.2,4.4,1017.7,16.7,10.0,59.96730559829706
2012-06-03,San Diego,CA,72290023188,2012-06-03,32.7336,-117.1831,4.6,62.3,66.0,59.0,0.0,55.3,5.3,1012.7,11.7,9.6,77.8479090852778
2013-06-02,San Diego,CA,72290023188,2013-06-02,32.7336,-117.1831,4.6,63.8,69.1,62.1,0.0,56.8,6.0,1010.1,9.2,8.0,77.97337516790085
2014-06-01,San Diego,CA,72290023188,2014-06-01,32.7336,-117.1831,4.6,68.0,73.0,62.6,0.0,57.8,4.3,1012.1,11.1,8.4,69.86889911413397
2015-05-31,San Diego,CA,72290023188,2015-05-31,32.7336,-117.1831,4.6,64.5,71.1,62.1,0.0,55.9,4.5,1014.1,13.1,9.9,73.65250228945203
2016-06-05,San Diego,CA,72290023188,2016-06-05,32.7336,-117.1831,4.6,66.2,73.9,62.1,0.0,58.6,5.5,1013.1,12.2,8.8,76.51282575318538
2017-06-04,San Diego,CA,72290023188,2017-06-04,32.7336,-117.1831,4.6,63.4,66.9,62.1,0.0,58.9,4.3,1012.8,11.9,9.1,85.26917584698054
2018-06-03,San Diego,CA,72290023188,2018-06-03,32.7336,-117.1831,4.6,67.0,73.0,60.1,0.0,57.9,5.0,1013.6,12.7,10.0,72.57930792480703
2019-06-02,San Diego,CA,72290023188,2019-06-02,32.7336,-117.1831,4.6,63.2,68.0,61.0,0.0,52.1,6.2,1012.9,11.9,10.0,67.09284214107142
2021-10-24,San Diego,CA,72290023188,2021-10-24,32.7336,-117.1831,4.6,66.0,71.1,61.0,0.0,54.3,5.0,1013.3,12.3,10.0,65.95706287313273
2000-07-09,San Francisco,CA,72494023234,2000-07-09,37.6197,-122.3647,2.4,60.1,70.0,53.6,0.0,52.7,9.1,1014.7,999.9,9.5,76.53035654137034
2001-07-08,San Francisco,CA,72494023234,2001-07-08,37.6197,-122.3647,2.4,60.0,70.0,53.1,0.0,54.7,10.2,1017.4,999.9,9.0,82.63112133739212
2002-07-28,San Francisco,CA,72494023234,2002-07-28,37.6197,-122.3647,2.4,66.3,75.0,55.9,0.0,56.1,5.1,1014.9,999.9,9.9,69.68626822401865
2003-07-27,San Francisco,CA,72494023234,2003-07-27,37.6197,-122.3647,2.4,61.0,71.1,55.0,0.0,55.1,11.8,1016.2,15.7,9.9,80.91729340658773
2004-08-01,San Francisco,CA,72494023234,2004-08-01,37.6197,-122.3647,2.4,61.9,68.0,57.9,0.0,55.8,10.2,1013.7,999.9,9.7,80.39910108193854
2005-07-31,San Francisco,CA,72494023234,2005-07-31,37.6197,-122.3647,2.4,61.7,71.1,55.0,0.0,53.9,11.5,1015.6,15.1,9.6,75.56011366594909
2006-07-30,San Francisco,CA,72494023234,2006-07-30,37.6197,-122.3647,2.4,64.6,75.9,57.9,0.0,55.2,7.7,1014.5,14.0,10.0,71.55552957340139
2007-07-29,San Francisco,CA,72494023234,2007-07-29,37.6197,-122.3647,2.4,60.6,70.0,55.0,0.0,52.6,11.5,1013.1,12.6,10.0,74.90696324904637
2008-08-03,San Francisco,CA,72494023234,2008-08-03,37.6197,-122.3647,2.4,58.9,77.0,55.0,0.0,50.7,15.4,1012.6,12.0,10.0,74.19536088336032
2009-07-26,San Francisco,CA,72494023234,2009-07-26,37.6197,-122.3647,2.4,58.2,72.0,53.1,0.0,52.0,11.1,1015.8,15.4,9.9,79.82209949135098
2010-07-25,San Francisco,CA,72494023234,2010-07-25,37.6197,-122.3647,2.4,59.6,68.0,55.0,0.0,50.6,13.1,1013.0,12.4,10.0,72.09639829296042
2011-07-31,San Francisco,CA,72494023234,2011-07-31,37.6197,-122.3647,2.4,62.8,73.0,57.9,0.0,53.2,7.5,1014.1,13.4,10.0,70.84840620909559
2012-07-29,San Francisco,CA,72494023234,2012-07-29,37.6197,-122.3647,2.4,59.4,70.0,54.0,0.0,51.0,10.7,1017.0,16.6,9.8,73.69621814108541
2013-06-16,San Francisco,CA,72494023234,2013-06-16,37.6197,-122.3647,2.4,56.8,68.0,51.1,0.0,47.5,12.0,1017.3,16.6,10.0,71.00307367567622
2014-07-27,San Francisco,CA,72494023234,2014-07-27,37.6197,-122.3647,2.4,66.5,77.0,61.0,0.0,57.8,11.4,1014.2,13.5,10.0,73.58024250814344
2015-07-26,San Francisco,CA,72494023234,2015-07-26,37.6197,-122.3647,2.4,63.7,73.9,59.0,0.0,55.7,9.9,1015.1,14.5,10.0,75.19503406743318
2016-07-31,San Francisco,CA,72494023234,2016-07-31,37.6197,-122.3647,2.4,62.0,75.9,54.0,0.0,53.9,9.0,1011.2,10.5,10.0,74.76402233622443
2017-07-23,San Francisco,CA,72494023234,2017-07-23,37.6197,-122.3647,2.4,64.4,80.1,55.0,0.0,52.6,11.6,1010.2,9.6,10.0,65.52650868938098
2018-07-29,San Francisco,CA,72494023234,2018-07-29,37.6197,-122.3647,2.4,57.8,66.0,52.0,0.0,51.7,11.5,1015.3,14.6,10.0,80.08578060215446
2019-07-28,San Francisco,CA,72494023234,2019-07-28,37.6197,-122.3647,2.4,67.6,79.0,55.9,0.0,53.6,10.4,1013.4,12.7,9.7,60.832305702773304
2021-09-19,San Francisco,CA,72494023234,2021-09-19,37.61962,-122.36562,3.2,65.1,71.1,57.0,0.0,56.7,9.9,1018.1,17.6,10.0,74.24476425658321
2009-06-27,Seattle,WA,72793524234,2009-06-27,47.53028,-122.30083,6.1,63.6,79.0,52.0,0.0,44.8,2.6,1023.5,22.5,10.0,50.342834772910486
2010-06-26,Seattle,WA,72793524234,2010-06-26,47.53028,-122.30083,6.1,60.2,68.0,55.0,0.0,49.5,3.8,1019.7,18.8,10.0,67.7461759087294
2011-06-25,Seattle,WA,72793524234,2011-06-25,47.53028,-122.30083,6.1,57.5,64.9,53.1,0.07,48.1,3.3,1017.9,16.9,10.0,70.81150286859766
2012-06-23,Seattle,WA,72793524234,2012-06-23,47.53028,-122.30083,6.1,55.8,61.0,53.1,0.36,52.4,3.7,1007.5,6.4,9.0,88.32699646097765
2013-06-22,Seattle,WA,72793524234,2013-06-22,47.53028,-122.30083,6.1,65.8,78.1,55.0,0.0,50.2,1.6,1018.3,17.4,10.0,57.11413147314312
2014-06-21,Seattle,WA,72793524234,2014-06-21,47.53028,-122.30083,6.1,62.3,72.0,53.1,0.0,42.9,3.8,1020.1,19.1,10.0,49.007580325793136
2015-06-13,Seattle,WA,72793524234,2015-06-13,47.53028,-122.30083,6.1,63.4,75.9,52.0,0.0,44.0,3.6,1019.3,18.3,10.0,49.175203460854306
2016-06-18,Seattle,WA,72793524234,2016-06-18,47.53028,-122.30083,6.1,57.6,66.9,53.1,0.37,52.2,3.2,1019.3,18.3,9.5,82.16356299029029
2017-06-18,Seattle,WA,72793524234,2017-06-18,47.53028,-122.30083,6.1,60.0,69.1,52.0,0.01,57.1,4.6,1020.8,19.9,9.1,90.1360926337347
2018-06-10,Seattle,WA,72793524234,2018-06-10,47.53028,-122.30083,6.1,54.3,63.0,48.9,0.17,43.4,7.0,1016.8,15.8,10.0,66.54904320352244
2019-06-09,Seattle,WA,72793524234,2019-06-09,47.53028,-122.30083,6.1,61.4,73.0,51.1,0.0,44.4,4.2,1028.8,27.8,10.0,53.57531319565395
2000-10-07,St. George,UT,72475499999,2000-10-07,37.091,-113.593,896.0,76.0,91.4,60.8,0.0,30.4,3.0,9999.9,999.9,10.0,18.723636857557413
2001-10-06,St. George,UT,72475499999,2001-10-06,37.091,-113.593,896.0,74.6,84.2,66.2,0.0,41.0,7.2,9999.9,999.9,9.9,29.85855717972809
2002-10-05,St. George,UT,72475499999,2002-10-05,37.091,-113.593,896.0,61.5,77.0,50.0,0.0,36.7,1.7,9999.9,999.9,9.9,39.610298721781966
2003-10-04,St. George,UT,72475499999,2003-10-04,37.091,-113.593,896.0,69.4,82.4,59.0,0.0,44.3,4.3,9999.9,999.9,10.0,40.40903889326827
2004-10-02,St. George,UT,72475499999,2004-10-02,37.091,-113.593,896.0,70.6,86.0,59.0,0.0,38.6,3.2,9999.9,999.9,10.0,31.127227113220624
2005-10-01,St. George,UT,72475499999,2005-10-01,37.091,-113.593,896.0,72.2,91.4,55.4,0.0,25.2,3.1,9999.9,999.9,10.0,17.177432584028633
2006-10-07,St. George,UT,72475423186,2006-10-07,37.1,-113.6,894.9,58.8,73.4,48.2,0.0,39.8,4.0,9999.9,999.9,10.0,49.2305699860358
2007-10-06,St. George,UT,72475423186,2007-10-06,37.1,-113.6,894.9,57.5,66.2,48.2,0.0,23.4,13.4,9999.9,999.9,10.0,26.601750065735825
2008-10-04,St. George,UT,72475423186,2008-10-04,37.1,-113.6,894.9,68.7,82.4,57.2,0.0,41.2,8.6,9999.9,905.2,10.0,36.74665379556633
2009-10-03,St. George,UT,72475423186,2009-10-03,37.1,-113.6,894.9,64.3,80.6,50.0,0.0,15.6,3.2,9999.9,906.4,10.0,14.982309567819375
2010-10-02,St. George,UT,72475593129,2010-10-02,37.7086,-113.0944,1702.6,67.8,87.1,48.9,0.0,36.2,4.0,1016.8,832.6,10.0,31.173033368819475
2011-10-01,St. George,UT,72092299999,2011-10-01,37.0363889,-113.510305,879.0,80.0,95.0,68.0,0.0,42.5,7.4,9999.9,999.9,10.0,26.46036545679825
2012-10-06,St. George,UT,72475423186,2012-10-06,37.1,-113.6,894.9,72.0,84.2,59.0,0.0,28.0,2.2,9999.9,912.8,10.0,19.414176584000383
2013-10-05,St. George,UT,72475423186,2013-10-05,37.1,-113.6,894.9,56.4,73.4,46.4,0.0,20.4,10.7,9999.9,923.5,10.0,24.385635195945294
2014-10-04,St. George,UT,72475423186,2014-10-04,37.1,-113.6,894.9,69.7,87.8,55.4,0.0,33.3,2.9,9999.9,918.8,9.8,26.02422208538992
2015-10-03,St. George,UT,72475423186,2015-10-03,37.1,-113.6,894.9,71.3,82.4,57.2,0.0,35.4,4.9,9999.9,904.6,10.0,26.796651126506188
2016-10-01,St. George,UT,72475423186,2016-10-01,37.1,-113.6,894.9,75.0,89.6,62.6,0.0,48.6,5.1,9999.9,914.1,10.0,39.33643318353274
2017-10-07,St. George,UT,72475423186,2017-10-07,37.1,-113.6,894.9,64.7,82.9,48.9,0.0,22.3,4.6,1014.9,913.6,10.0,19.682123392443458
2018-10-06,St. George,UT,72475423186,2018-10-06,37.1,-113.6,894.9,61.9,73.0,53.6,0.0,46.0,5.6,1008.9,908.2,9.8,55.933360889421934
2019-10-05,St. George,UT,72475423186,2019-10-05,37.1,-113.6,894.9,65.9,82.0,50.0,0.0,15.9,4.9,1017.8,916.5,10.0,14.356390989866465
2021-10-02,St. George,UT,72475423186,2021-10-02,37.1,-113.6,894.9,69.3,86.0,54.0,0.0,28.8,1.8,1017.7,916.5,10.0,21.990415431909955
2002-09-15,Toronto,ON,71265099999,2002-09-15,43.6166666,-79.3833333,76.5,68.0,77.0,62.4,0.57,63.5,3.4,1014.4,5.3,999.9,85.53358918125572
2003-09-28,Toronto,ON,71265099999,2003-09-28,43.6166666,-79.3833333,76.5,57.8,64.8,50.4,0.02,50.0,8.1,1007.9,998.6,9.0,75.19987612118703
2004-09-26,Toronto,ON,71265099999,2004-09-26,43.6166666,-79.3833333,76.5,62.4,75.0,54.1,0.0,54.8,6.0,1021.3,11.9,8.9,76.17671847164115
2005-09-25,Toronto,ON,71265099999,2005-09-25,43.6166666,-79.3833333,76.5,66.3,75.2,60.8,0.02,62.8,5.5,1017.5,8.4,6.4,88.50097294391477
2006-09-24,Toronto,ON,71265099999,2006-09-24,43.6166666,-79.3833333,76.5,65.7,68.0,59.0,0.14,60.3,14.4,999.3,999.9,8.4,82.71881204347146
2007-09-30,Toronto,ON,71265099999,2007-09-30,43.6166666,-79.3833333,76.5,62.3,68.9,51.6,0.0,55.1,4.5,1028.7,19.8,9.0,77.28427691086235
2008-09-28,Toronto,ON,71265099999,2008-09-28,43.6166666,-79.3833333,76.5,66.3,72.5,61.5,0.06,56.4,8.6,1016.6,999.9,8.6,70.44649820161476
2009-09-27,Toronto,ON,71265099999,2009-09-27,43.6166666,-79.3833333,76.5,64.0,68.2,55.8,0.59,60.5,8.0,1002.5,999.9,7.8,88.39444924474594
2010-09-26,Toronto,ON,71265099999,2010-09-26,43.6166666,-79.3833333,76.5,53.7,64.4,47.1,0.0,45.2,5.9,1017.9,999.9,9.1,72.85417025156448
2011-10-16,Toronto,ON,71265099999,2011-10-16,43.6166666,-79.3833333,76.5,50.7,53.6,46.4,0.01,41.6,15.0,1004.2,999.9,9.1,70.88973451631666
2012-10-14,Toronto,ON,71265099999,2012-10-14,43.6166666,-79.3833333,76.5,52.2,60.8,44.6,0.69,49.5,5.3,1010.6,999.9,5.4,90.48573885728474
2013-10-20,Toronto,ON,71265099999,2013-10-20,43.6166666,-79.3833333,76.5,46.4,57.2,41.0,0.29,38.7,9.2,1010.1,999.8,9.2,74.39334977882895
2014-10-19,Toronto,ON,71265099999,2014-10-19,43.6166666,-79.3833333,76.5,42.5,55.8,37.6,0.0,30.6,7.9,1017.7,7.8,9.2,62.51920168808539
2015-10-18,Toronto,ON,71265099999,2015-10-18,43.6166666,-79.3833333,76.5,38.5,44.8,33.4,0.0,25.6,6.1,1027.2,17.7,9.2,59.46911133872928
2016-10-16,Toronto,ON,71265099999,2016-10-16,43.6166666,-79.3833333,76.5,65.5,70.2,52.9,0.04,60.6,7.7,1014.3,5.3,9.3,84.18794667736543
2017-10-22,Toronto,ON,71265099999,2017-10-22,43.6166666,-79.3833333,76.5,59.3,67.1,49.8,0.0,54.3,6.5,1023.1,13.9,9.3,83.49256324323623
2018-10-21,Toronto,ON,71265099999,2018-10-21,43.6166666,-79.3833333,76.5,40.3,54.9,34.9,0.0,25.6,10.6,1017.0,7.6,9.3,55.44160589282321
2019-10-20,Toronto,ON,71265099999,2019-10-20,43.6166666,-79.3833333,76.5,51.7,57.2,48.2,0.0,47.9,9.4,1012.8,3.6,9.3,86.81761102266198
2001-05-06,Vancouver,BC,71892099999,2001-05-06,49.193889,-123.184444,4.26,48.2,55.4,39.2,0.0,39.0,7.5,1025.5,25.0,28.9,70.34293412487773
2002-05-05,Vancouver,BC,71892099999,2002-05-05,49.193889,-123.184444,4.26,47.2,51.3,44.2,0.04,39.4,11.6,1014.8,14.5,18.7,74.18226906306631
2003-05-04,Vancouver,BC,71892099999,2003-05-04,49.193889,-123.184444,4.26,49.1,55.9,45.3,0.21,44.3,7.0,1006.2,5.4,15.4,83.44190292932858
2004-05-02,Vancouver,BC,71892099999,2004-05-02,49.193889,-123.184444,4.26,61.3,75.7,51.3,0.11,52.0,5.6,1021.5,20.7,17.7,71.47592304138915
2005-05-01,Vancouver,BC,71784099999,2005-05-01,49.35,-123.2,168.0,54.6,66.2,46.4,0.07,49.1,1.7,1020.8,0.5,999.9,81.64622363024789
2006-05-07,Vancouver,BC,71892099999,2006-05-07,49.193889,-123.184444,4.26,51.1,59.0,46.2,0.39,44.0,9.3,1014.3,14.4,13.6,76.58544508877101
2007-05-06,Vancouver,BC,71892099999,2007-05-06,49.193889,-123.184444,4.26,51.0,56.3,43.2,0.04,41.0,5.1,1028.1,27.6,13.3,68.50042710539016
2008-05-04,Vancouver,BC,71892099999,2008-05-04,49.193889,-123.184444,4.26,50.3,55.4,42.8,0.0,44.8,4.7,1022.4,22.0,19.0,81.33104157090867
2009-05-03,Vancouver,BC,71892099999,2009-05-03,49.193889,-123.184444,4.26,53.7,61.2,43.2,0.23,40.8,9.2,1013.5,999.9,17.6,61.54548954406056
2010-05-02,Vancouver,BC,71892099999,2010-05-02,49.193889,-123.184444,4.26,51.4,57.4,45.0,0.04,43.1,11.3,1018.8,999.9,18.5,73.17836502082137
2011-05-01,Vancouver,BC,71892099999,2011-05-01,49.193889,-123.184444,4.26,49.5,59.0,40.3,0.0,38.4,5.3,1029.3,29.4,19.8,65.45554225835332
2012-05-06,Vancouver,BC,71892099999,2012-05-06,49.193889,-123.184444,4.26,50.5,59.0,41.0,0.0,39.7,6.0,1032.5,32.1,21.4,66.34915422487315
2013-05-05,Vancouver,BC,71892099999,2013-05-05,49.193889,-123.184444,4.26,59.3,68.0,51.8,0.0,48.5,8.3,1016.0,16.5,29.7,67.3902388224183
2014-05-04,Vancouver,BC,71892099999,2014-05-04,49.193889,-123.184444,4.26,50.7,56.1,48.0,0.46,47.7,8.9,1007.2,999.9,9.3,89.41385359944233
2015-05-03,Vancouver,BC,71892099999,2015-05-03,49.193889,-123.184444,4.26,51.3,59.0,41.0,0.0,43.8,5.2,1016.4,16.3,26.0,75.44290407438977
2016-05-01,Vancouver,BC,71892099999,2016-05-01,49.193889,-123.184444,4.26,55.8,66.2,47.3,0.0,47.7,4.4,1023.9,23.3,25.8,74.17262843278782
2017-05-07,Vancouver,BC,71892099999,2017-05-07,49.193889,-123.184444,4.26,49.8,55.8,39.9,0.0,41.6,7.4,1022.7,22.1,27.7,73.29842800715913
2018-05-06,Vancouver,BC,71892099999,2018-05-06,49.193889,-123.184444,4.26,59.0,66.2,53.6,0.02,53.1,6.1,1016.0,15.4,26.1,80.76860550634719
2019-05-05,Vancouver,BC,71892099999,2019-05-05,49.193889,-123.184444,4.26,54.0,61.5,41.5,0.0,47.3,9.2,1013.2,12.7,28.9,78.01085383083584
2000-10-22,Washington,DC,72405013743,2000-10-22,38.8472,-77.03454,3.0,62.4,78.1,51.1,0.0,53.2,5.3,1027.3,999.9,8.3,71.85280137497318
2001-10-28,Washington,DC,72405013743,2001-10-28,38.8472,-77.03454,3.0,45.6,53.1,39.0,0.0,25.9,11.4,1029.6,999.9,9.9,45.81152028363176
2002-10-27,Washington,DC,72405013743,2002-10-27,38.8472,-77.03454,3.0,57.6,68.0,46.9,0.32,49.4,5.4,1019.2,999.9,9.6,74.06983186670922
2003-10-26,Washington,DC,72405013743,2003-10-26,38.8472,-77.03454,3.0,63.6,71.1,59.0,0.0,57.6,9.5,1023.0,20.6,8.6,80.81708009935731
2004-10-31,Washington,DC,72405013743,2004-10-31,38.8472,-77.03454,3.0,68.4,78.8,60.8,0.01,54.2,8.9,1009.5,999.9,6.6,60.4930419734596
2005-10-30,Washington,DC,72405013743,2005-10-30,38.8472,-77.03454,3.0,53.0,66.9,39.9,0.0,33.2,6.2,1026.3,23.9,10.0,46.80933628437899
2006-10-29,Washington,DC,72405013743,2006-10-29,38.8472,-77.03454,3.0,49.9,64.0,39.9,0.01,26.9,10.5,1007.2,4.9,10.0,40.62824846467225
2007-10-28,Washington,DC,72405013743,2007-10-28,38.8472,-77.03454,3.0,57.1,73.0,52.0,0.12,37.8,9.8,1027.3,24.9,10.0,48.39614522936255
2008-10-26,Washington,DC,72405013743,2008-10-26,38.8472,-77.03454,3.0,53.9,68.0,45.0,0.8,46.2,4.6,1013.6,11.3,9.3,75.11555407567812
2009-10-25,Washington,DC,72405013743,2009-10-25,38.8472,-77.03454,3.0,58.0,72.0,48.9,0.9,40.9,8.9,1017.3,14.0,10.0,52.87093997388755
2010-10-31,Washington,DC,72405013743,2010-10-31,38.8472,-77.03454,3.0,55.7,66.9,39.9,0.0,38.4,8.7,1012.3,9.7,10.0,52.119261149582776
2011-10-30,Washington,DC,72405013743,2011-10-30,38.8472,-77.03454,3.0,42.1,55.0,34.0,0.78,30.5,8.2,1023.0,20.7,10.0,63.231368805458644
2012-10-28,Washington,DC,72405013743,2012-10-28,38.8472,-77.03454,3.0,60.3,70.0,54.0,0.0,48.4,13.5,1008.4,6.2,9.5,64.78929276738481
2013-10-27,Washington,DC,72405013743,2013-10-27,38.8472,-77.03454,3.0,53.6,63.0,35.1,0.0,32.9,6.6,1016.9,14.5,10.0,45.24415658772722
2014-10-26,Washington,DC,72405013743,2014-10-26,38.8472,-77.03454,3.0,64.2,73.9,48.9,0.0,36.2,9.2,1007.8,5.5,10.0,35.31926855233015
2015-10-25,Washington,DC,72405013743,2015-10-25,38.8472,-77.03454,3.0,60.7,71.1,46.9,0.01,52.1,7.9,1020.6,18.3,10.0,73.28125970306249
2016-10-30,Washington,DC,72405013743,2016-10-30,38.8472,-77.03454,3.0,65.9,80.1,44.1,0.0,58.2,8.1,1014.7,12.4,10.0,76.21277492482048
2017-10-22,Washington,DC,72405013743,2017-10-22,38.8472,-77.03454,3.0,64.5,78.1,52.0,0.0,52.3,3.1,1027.9,25.6,10.0,64.5817637381319
2018-10-28,Washington,DC,72405013743,2018-10-28,38.8472,-77.03454,3.0,54.0,62.1,48.9,0.23,44.4,5.9,1008.9,6.5,10.0,69.90041597036718
2019-10-27,Washington,DC,72405013743,2019-10-27,38.8472,-77.03454,3.0,68.1,80.1,57.9,0.42,61.6,8.3,1013.7,10.6,8.2,79.72550095658508
